ATC kood;Nimi;
A;SEEDEKULGLA JA AINEVAHETUS;
A01;STOMATOLOOGILISED PREPARAADID;
A01A;STOMATOLOOGILISED PREPARAADID;
A01AA;Ained kaariese profülaktikaks;
A01AA01;naatriumfluoriid;
A01AB;Infektsioonivastased ja antiseptilised ained suuõõne lokaalseks raviks;
A01AB02;vesinikperoksiidilahus;
A01AB03;kloorheksidiin;
A01AB04;amfoteritsiin;
A01AB05;polünoksüliin;
A01AB06;domifeenbromiid;
A01AB08;neomütsiin;
A01AB09;mikonasool;
A01AB10;natamütsiin;
A01AB12;heksetidiin;
A01AB13;tetratsükliin;
A01AB14;bensoksooniumkloriid;
A01AB15;tibesooniumjodiid;
A01AB16;mepartritsiin;
A01AB17;metronidasool;
A01AB18;klotrimasool;
A01AB21;kloortetratsükliin;
A01AB81;neomütsiin+bensokaiin;
A01AB82;demeklotsükliin+triamtsinoloon;
A01AC;Kortikosteroidid suuõõne lokaalseks raviks;
A01AC01;triamtsinoloon;
A01AC02;deksametasoon;
A01AC03;hüdrokortisoon;
A01AC81;deksametasoon+tümool;
A01AD;Teised ained suuõõne lokaalseks raviks;
A01AD02;bensüdamiin;
A01AD05;atsetüülsalitsüülhape;
A01AD06;adrenaloon;
A01AD80;lidokaiin+tsetüülpüridiinkloriid;
A01AD81;lidokaiin+tsetrimiid;
A01AD82;koliinsalitsülaat;
A01AD83;lidokaiin+kummeliekstrakt;
A01AD84;trikresool;
A01AD85;koliinsalitsülaat+tsetalkooniumkloriid;
A01AD86;lidokaiin+eugenool;
A01AD88;alumiiniumkloriid;
A01AD89;vasika vere hemoderivaat, deproteiniseeritud+lauromakrogool 400;
A01AD90;lidokaiin+paraformaldehüüd;
A01AD91;flurbiprofeen;
A01AD92;parakloorfenool;
A02;MAOMAHLA HAPPESUSEGA SEOTUD HÄIRETE RAVIKS KASUTATAVAD AINED;
A02A;ANTATSIIDID;
A02AA;Magneesiumiühendid;
A02AA01;magneesiumkarbonaat;
A02AA02;magneesiumoksiid;
A02AA04;magneesiumhüdroksiid;
A02AB;Alumiiniumiühendid;
A02AB01;alumiiniumhüdroksiid;
A02AB02;algeldraat;
A02AB03;alumiiniumfosfaat;
A02AB04;alumiiniumnaatriumdihüdroksükarbonaat;
A02AB07;alumiiniumglütsinaat;
A02AC;Kaltsiumiühendid;
A02AC01;kaltsiumkarbonaat;
A02AD;Alumiiniumi-, kaltsiumi- ja magneesiumiühendite kombinatsioonid ja kompleksühendid;
A02AD02;algeldraat+magneesiumhüdroksiid;
A02AD03;almagaat;
A02AD04;hüdrotaltsiit;
A02AD05;algeldraat+magneesiumtrisilikaat;
A02AD80;alumiiniumoksiid+algeldraat+magneesiumhüdroksiid+magneesiumkarbonaat;
A02AD81;alumiiniumhüdroksiid+magneesiumhüdroksiid;
A02AD82;alumiiniumaminoatsetaat+magneesiumoksiid;
A02AD83;kaltsiumkarbonaat+magneesiumkarbonaat;
A02AD84;almagaat+kaltsiumkarbonaat;
A02AF;Antatsiidid koos kõhupuhitusvastaste ainetega;
A02AF80;alumiiniumhüdroksiid+magneesiumhüdroksiid+simetikoon;
A02AG;Antatsiidid spasmolüütikumidega;
A02AH;Naatriumvesinikkarbonaati sisaldavad antatsiidid;
A02AX;Teised antatsiidide kombinatsioonid;
A02AX81;alumiiniumhüdroksiid+bensokaiin+magneesiumoksiid;
A02AX82;kaltsiumkarbonaat+magneesiumkarbonaat+algiinhape;
A02AX83;vismutsubnitraat+magneesiumkarbonaat+naatriumvesinikkarbonaat;
A02B;PEPTILISE HAAVANDI JA GASTROÖSOFAGEAALSE REFLUKSHAIGUSE RAVIKS KASUTATAVAD AINED;
A02BA;H2-retseptori antagonistid;
A02BA01;tsimetidiin;
A02BA02;ranitidiin;
A02BA03;famotidiin;
A02BA04;nisatidiin;
A02BA05;niperotidiin;
A02BA06;roksatidiin;
A02BA07;ranitidiinvismuttsitraat;
A02BB;Prostaglandiinid;
A02BB02;enprostiil;
A02BC;Prootonpumba inhibiitorid;
A02BC01;omeprasool;
A02BC02;pantoprasool;
A02BC03;lansoprasool;
A02BC04;rabeprasool;
A02BC05;esomeprasool;
A02BC06;dekslansoprasool;
A02BC08;vonoprasaan;
A02BD;Kombinatsioonid Helicobacter pylori eradikatsiooniks;
A02BD08;vismutsubtsitraat+tetratsükliin+metronidasool;
A02BX;Teised peptilise haavandi ja gastroösofageaalse reflukshaiguse raviks kasutatavad ained;
A02BX01;karbenoksoloon;
A02BX02;sukralfaat;
A02BX03;pirensepiin;
A02BX05;vismutsubtsitraat;
A02BX06;proglumiid;
A02BX07;gefarnaat;
A02BX08;sulglikotiid;
A02BX10;zolimidiin;
A02BX11;troksipiid;
A02BX12;vismutsubnitraat;
A02BX13;algiinhape;
A02BX81;naatriumalginaat+naatriumvesinikkarbonaat+kaltsiumkarbonaat;
A02BX82;naatriumalginaat+magneesiumalginaat;
A02X;TEISED MAOMAHLA HAPPESUSEGA SEOTUD HÄIRETE RAVIKS KASUTATAVAD AINED;
A03;GASTROINTESTINAALTRAKTI FUNKTSIONAALSETE HÄIRETE RAVIKS KASUTATAVAD AINED;
A03A;GASTROINTESTINAALTRAKTI FUNKTSIONAALSETE HÄIRETE RAVIKS KASUTATAVAD AINED;
A03AA;Sünteetilised antikolinergilised ained - tertsiaarse aminorühmaga estrid;
A03AA01;oksüfentsüklimiin;
A03AA03;kamülofiin;
A03AA04;mebeveriin;
A03AA05;trimebutiin;
A03AA06;rotsiveriin;
A03AA07;ditsükloveriin;
A03AA08;diheksüveriin;
A03AA09;difemeriin;
A03AB;Sünteetilised antikolinergilised ained - kvaternaarsed ammooniumiühendid;
A03AB01;bensilooniumbromiid;
A03AB02;glükopürroonium;
A03AB03;oksüfenooniumbromiid;
A03AB05;propanteliinbromiid;
A03AB06;otilooniumbromiid;
A03AB07;metanteliiniumbromiid;
A03AB08;tridiheksetüüljodiid;
A03AB09;isopropamiidjodiid;
A03AB10;heksotsükliummetüülsulfaat;
A03AB11;poldiinmetüülsulfaat;
A03AB12;mepensolaatbromiid;
A03AB13;bevoonium metüülsulfaat;
A03AB14;pipensolaatbromiid;
A03AB15;difemaniilmetüülsulfaat;
A03AB17;tiemooniumjodiid;
A03AB18;prifiiniumbromiid;
A03AB19;timepiidiumbromiid;
A03AB21;fenpiveriinbromiid;
A03AC;Sünteetilised spasmolüütikumid - tertsiaarsete amiinidega amiidid;
A03AC05;tiropramiid;
A03AD;Papaveriin ja selle derivaadid;
A03AD01;papaveriinvesinikkloriid;
A03AD02;drotaveriin;
A03AD30;moksaveriin;
A03AE;Serotoniiniretseptori antagonistid;
A03AX;Teised gastrointestinaaltrakti funktsionaalsete häirete raviks kasutatavad aine;
A03AX01;fenpipraan;
A03AX02;diisopromiin;
A03AX03;kloorbensoksamiin;
A03AX04;pinaveeriumbromiid;
A03AX05;fenoveriin;
A03AX07;proksasool;
A03AX08;alveriin;
A03AX09;trepibutoon;
A03AX10;isometepteen;
A03AX11;karoveriin;
A03AX13;simetikoon;
A03AX15;piparmündiõli;
A03AX82;alveriin+simetikoon;
A03B;BELLADONNA ALKALOIDID JA NENDE DERIVAADID;
A03BA;Belladonna alkaloidid - tertsiaarsed amiinid;
A03BA01;atropiin;
A03BA03;hüosküamiin;
A03BA04;belladonnaekstrakt;
A03BB;Belladonna alkaloidid - poolsünteetilised kvaternaarsed ammooniumiühendid;
A03BB01;hüostsiinbutüülbromiid;
A03BB02;atropiinmetonitraat;
A03BB04;fentooniumbromiid;
A03BB05;tsimetroopiumbromiid;
A03C;SPASMOLÜÜTIKUMIDE KOMBINATSIOONID  PSÜHHOLEPTIKUMIDEGA;
A03CA;Sünteetiliste antikolinergiliste ainete kombinatsioonid psühholeptikumidega;
A03CA02;klidiiniumbromiid+kloordiasepoksiid;
A03CB;Belladonna alkaloidide ja derivaatide kombinatsioonid psühholeptikumidega;
A03CB80;belladonnaekstrakt+ergotamiin+fenobarbitaal;
A03CC;Teiste spasmolüütikumide kombinatsioonid psühholeptikumidega;
A03D;SPASMOLÜÜTIKUMIDE KOMBINATSIOONID ANALGEETIKUMIDEGA;
A03DA;Sünteetiliste antikolinergiliste ainete kombinatsioonid analgeetikumidega;
A03DA80;pitofenoon+naatriummetamisool+fenipiveriin;
A03DB;Belladonna alkaloidide ja derivaatide kombinatsioonid analgeetikumidega;
A03DB04;hüostsiinbutüülbromiid+paratsetamool;
A03DC;Teiste spasmolüütikumide kombinatsioonid analgeetikumidega;
A03E;SPASMOLÜÜTIKUMIDE JA ANTIKOLINERGILISTE AINETE KOMBINATSIOONID TEISTE AINETEGA;
A03EA;Spasmolüütikumide, psühholeptikumide ja analgeetikumide kombinatsioonid;
A03ED;Spasmolüütikumide kombinatsioonid teiste ainetega;
A03F;SOOLE MOTOORIKAT KIIRENDAVAD AINED;
A03FA;Soole motoorikat kiirendavad ained;
A03FA01;metoklopramiid;
A03FA02;tsisapriid;
A03FA03;domperidoon;
A03FA04;bromopriid;
A03FA05;alisapriid;
A03FA06;klebopriid;
A03FA07;itopriid;
A04;OKSENDAMIS- JA IIVELDUSVASTASED AINED;
A04A;OKSENDAMIS- JA IIVELDUSVASTASED AINED;
A04AA;Serotoniini (5-HT3) antagonistid;
A04AA01;ondansetroon;
A04AA02;granisetroon;
A04AA03;tropisetroon;
A04AA04;dolasetroon;
A04AA05;palonosetroon;
A04AA80;palonosetroon+netupitant;
A04AD;Teised oksendamisvastased ained;
A04AD01;skopolamiin;
A04AD04;klorobutanool;
A04AD05;metopimasiin;
A04AD12;aprepitant;
A04AD14;rolapitant;
A04AD81;fosaprepitant;
A05;SAPITEEDE JA MAKSA RAVI;
A05A;SAPITEEDE RAVI;
A05AA;Sapphapped ja nende derivaadid;
A05AA01;kenodeoksükoolhape;
A05AA02;ursodeoksükoolhape;
A05AA03;koolhape;
A05AA04;obetikoolhape;
A05AB;Sapiteede raviks kasutatavad preparaadid;
A05AX;Teised sapiteede raviks kasutatavad ained;
A05AX01;piprosoliin;
A05AX02;hümekromoon;
A05AX03;tsüklobutürool;
A05AX04;maraliksibaatkloriid;
A05AX05;odeviksibaat;
A05B;MAKSA RAVIKS KASUTATAVAD LIPOTROOPSED AINED;
A05BA;Maksa ravi;
A05BA01;arginiin;
A05BA03;silümariin;
A05BA04;tsitioloon;
A05BA06;ornitiinoksogluraat;
A05BA10;fosfolipiidid;
A05C;SAPITEEDE RAVIKS KASUTATAVATE JA LIPOTROOPSETE AINETE KOMBINATSIOONID;
A06;KÕHUKINNISUSE VASTASED AINED;
A06A;KÕHUKINNISUSE VASTASED AINED;
A06AA;Soolesisaldist pehmendavad ained;
A06AA01;parafiin, vedel;
A06AA02;naatriumdokusaat;
A06AB;Kontaktlahtistid;
A06AB01;oksüfenisatiin;
A06AB02;bisakodüül;
A06AB03;dantroon;
A06AB04;fenoolftaleiin;
A06AB05;riitsinusõli;
A06AB06;sennaglükosiidid;
A06AB08;naatriumpikosulfaat;
A06AB80;naatriumpikosulfaat+magneesiumoksiid+sidrunhape;
A06AC;Soolesisaldise mahtu suurendavad lahtistid;
A06AC01;ispaghula hemitselluloos;
A06AD;Osmootse toimega lahtistid;
A06AD02;magneesiumoksiid;
A06AD04;magneesiumsulfaat;
A06AD10;mineraalained;
A06AD11;laktuloos;
A06AD12;laktitool;
A06AD13;naatriumsulfaat, veevaba;
A06AD15;makrogool;
A06AD65;makrogooli kombinatsioonid;
A06AD80;makrogool+naatriumtsitraat+sidrunhape+naatriumkloriid+kaaliumkloriid;
A06AD81;naatriumsulfaat, veevaba+kaaliumkloriid+naatriumkloriid+makrogool+naatriumvesinikkarbonaat;
A06AD82;dinaatriumvesinikfosfaatdodekahüdraat+naatriumdivesinikfosfaatdihüdraat;
A06AD83;makrogool+naatriumsulfaat, veevaba+naatriumkloriid+kaaliumkloriid+askorbiinhape+naatriumaskorbaat;
A06AD84;makrogool+naatriumkloriid+naatriumvesinikkarbonaat+kaaliumkloriid;
A06AD85;naatriumsulfaat, veevaba+magneesiumsulfaatheptahüdraat+kaaliumsulfaat;
A06AG;Klistiiriks kasutatavad ained;
A06AG01;naatriumfosfaat(32P);
A06AG02;bisakodüül;
A06AG04;glütserool;
A06AG07;sorbitool;
A06AG11;naatriumlaurüülsulfoatsetaat+sorbitool+naatriumtsitraat;
A06AH;Perifeersed opioidiretseptori antagonistid;
A06AH01;metüülnaltreksoonbromiid;
A06AH03;naloksegool;
A06AH05;naldemediin;
A06AX;Teised kõhukinnisuse vastased ained;
A06AX01;glütserool;
A06AX03;lubiprostoon;
A06AX04;linaklotiid;
A06AX05;prukalopriid;
A06AX06;tegaserood;
A06AX80;naatriumvesinikkarbonaat+naatriumdivesinikfosfaat;
A06AX81;naatriumvesinikkarbonaat+kaaliumvesiniktartraat;
A07;KÕHULAHTISUSE-, SOOLEPÕLETIKU- JA SOOLEINFEKTSIOONIVASTASED AINED;
A07A;SOOLEINFEKTSIOONIVASTASED AINED;
A07AA;Antibiootikumid;
A07AA01;neomütsiin;
A07AA02;nüstatiin;
A07AA03;natamütsiin;
A07AA04;streptomütsiin;
A07AA05;polümüksiin B;
A07AA06;paromomütsiin;
A07AA07;amfoteritsiin;
A07AA08;kanamütsiin;
A07AA09;vankomütsiin;
A07AA10;kolistiin;
A07AA11;rifaksimiin;
A07AA12;fidaksomitsiin;
A07AB;Sulfoonamiidid;
A07AB02;ftalüülsulfatiasool;
A07AB03;sulfaguanidiin;
A07AB04;suktsinüülsulfatiasool;
A07AC;Imidasooli derivaadid;
A07AC01;mikonasool;
A07AX;Teised sooleinfektsioonivastased ained;
A07AX01;broksükinoliin;
A07AX02;atsetarsool;
A07AX03;nifuroksasiid;
A07AX04;nifursiid;
A07B;SOOLEADSORBENDID;
A07BA;Puusöepreparaadid;
A07BA01;aktiveeritud süsi;
A07BB;Vismutipreparaadid;
A07BC;Teised sooleadsorbendid;
A07BC01;pektiin;
A07BC02;kaoliin;
A07BC03;krospovidoon;
A07BC05;diosmektiid;
A07C;ELEKTROLÜÜDID KOOS SÜSIVESIKUTEGA;
A07CA;Suukaudsed rehüdratatsioonisoolad;
A07CA80;naatriumkloriid+kaaliumkloriid+naatriumtsitraat+glükoos;
A07D;SOOLE MOTOORIKAT PÄRSSIVAD AINED;
A07DA;Soole motoorikat pärssivad ained;
A07DA01;difenoksülaat;
A07DA02;oopium;
A07DA03;loperamiid;
A07DA04;difenoksiin;
A07DA06;eluksadoliin;
A07DA80;loperamiid+simetikoon;
A07E;SOOLEPÕLETIKUVASTASED AINED;
A07EA;Lokaalselt toimivad kortikosteroidid;
A07EA01;prednisoloon;
A07EA02;hüdrokortisoon;
A07EA03;prednisoon;
A07EA04;beetametasoon;
A07EA05;tiksokortool;
A07EA06;budesoniid;
A07EA07;beklometasoon;
A07EB;Antiallergilised ained, v.a kortikosteroidid;
A07EB01;kromoglütsiinhape;
A07EC;Aminosalitsüülhape ja sarnased ained;
A07EC01;sulfasalasiin;
A07EC02;mesalasiin;
A07EC03;olsalasiin;
A07F;KÕHULAHTISUSEVASTASED MIKROORGANISMID;
A07FA;Kõhulahtisusevastased mikroorganismid;
A07FA01;piimhappe bakterid;
A07FA02;Saccharomyces boulardii;
A07FA80;E. coli strain NISSLE 1917;
A07FA81;Lactobacillus bifidus, Biphidobacterium infants v.;
A07FA82;piimhape+pektiin;
A07FA83;Lactobacillus acidophilus+Bifidobacterium animalis subsp. lactis;
A07X;TEISED KÕHULAHTISUSEVASTASED AINED;
A07XA;Teised kõhulahtisusevastased ained;
A07XA01;albumiintannaat;
A07XA02;tseratoon;
A07XA04;ratsekadotriil;
A08;RASVUMUSVASTASED AINED, V.A DIEEDIKS KASUTATAVAD;
A08A;RASVUMUSVASTASED AINED, V.A DIEEDIKS KASUTATAVAD;
A08AA;Tsentraalse toimega rasvumusvastased ained;
A08AA01;fentermiin;
A08AA02;fenfluramiin;
A08AA03;amfepramoon;
A08AA04;deksfenfluramiin;
A08AA05;masindool;
A08AA06;etüülamfetamiin;
A08AA07;katiin;
A08AA08;klobensoreks;
A08AA09;mefenoreks;
A08AA10;sibutramiin;
A08AA12;setmelanotiid;
A08AA62;bupropioon+naltreksoon;
A08AA80;efedriin+kofeiin;
A08AB;Perifeerse toimega rasvumusvastased ained;
A08AB01;orlistaat;
A08AX;Teised rasvumusvastased ained;
A08AX01;rimonabant;
A09;SEEDIMIST SOODUSTAVAD AINED, K.A ENSÜÜMID;
A09A;SEEDIMIST SOODUSTAVAD AINED, K.A ENSÜÜMID;
A09AA;Ensüümid;
A09AA01;amülaas;
A09AA02;lipaas+amülaas+proteaas;
A09AA03;pepsiin;
A09AA80;lipaas+amülaas+proteaas+dimetikoon;
A09AB;Happed;
A09AB01;glutamiinhape;
A09AB03;vesinikkloriidhape, lahjendatud;
A09AB04;sidrunhape;
A09AC;Ensüümide ja hapete kombinatsioonid;
A09AC80;pepsiin+betaiin;
A10;DIABEEDI RAVIKS KASUTATAVAD AINED;
A10A;INSULIINID JA NENDE ANALOOGID;
A10AB;Lühikese toimeajaga insuliinid ja nende analoogid süstimiseks;
A10AB01;lühikese toimeajaga humaaninsuliin;
A10AB03;lühikese toimeajaga seainsuliin;
A10AB04;lispro-insuliin;
A10AB05;aspart-insuliin;
A10AB06;glulisiin-insuliin;
A10AC;Keskmise toimeajaga insuliinid ja nende analoogid süstimiseks;
A10AC01;keskmise toimeajaga humaaninsuliin;
A10AC03;lühikese toimeajaga seainsuliin;
A10AC04;lispro-insuliin;
A10AD;Keskmise või pika toimeajaga ja lühikese toimeajaga insuliinide ja nende analoogide kombinatsioonid;
A10AD01;lühikese toimeajaga ja keskmise toimeajaga humaaninsuliin;
A10AD03;lühikese toimeajaga seainsuliin;
A10AD04;lispro-insuliin;
A10AD05;aspart-insuliin;
A10AD06;degludek-insuliin+aspart-insuliin;
A10AE;Pika toimeajaga insuliinid ja nende analoogid süstimiseks;
A10AE01;pika toimeajaga humaaninsuliin;
A10AE03;pika toimeajaga seainsuliin;
A10AE04;glargiin-insuliin;
A10AE05;detemir-insuliin;
A10AE06;degludek-insuliin;
A10AE54;glargiin-insuliin+liksisenatiid;
A10AE56;degludek-insuliin+liraglutiid;
A10AF;Insuliinid ja nende analoogid inhaleerimiseks;
A10AF01;humaaninsuliin;
A10B;VERE GLÜKOOSISISALDUST VÄHENDAVAD AINED, V.A INSULIINID;
A10BA;Biguaniidid;
A10BA01;fenformiin;
A10BA02;metformiin;
A10BA03;buformiin;
A10BB;Sulfonüüluurea derivaadid;
A10BB01;glibenklamiid;
A10BB02;kloorpropamiid;
A10BB03;tolbutamiid;
A10BB04;glibornuriid;
A10BB05;tolasamiid;
A10BB06;karbutamiid;
A10BB07;glipisiid;
A10BB08;glikvidoon;
A10BB09;gliklasiid;
A10BB10;metaheksamiid;
A10BB11;glisoksepiid;
A10BB12;glimepiriid;
A10BB31;atsetoheksamiid;
A10BC;Heterotsüklilised sulfoonamiidid;
A10BC01;naatriumglümidiin;
A10BD;Suukaudsete vere glükoosisisaldust vähendavate ainete kombinatsioonid;
A10BD03;metformiin+rosiglitasoon;
A10BD04;glimepiriid+rosiglitasoon;
A10BD05;metformiin+pioglitasoon;
A10BD06;glimepiriid+pioglitasoon;
A10BD07;metformiin+sitagliptiin;
A10BD08;metformiin+vildagliptiin;
A10BD09;pioglitasoon+alogliptiin;
A10BD10;metformiin+saksagliptiin;
A10BD11;metformiin+linagliptiin;
A10BD13;metformiin+alogliptiin;
A10BD15;metformiin+dapagliflosiin;
A10BD16;metformiin+kanagliflosiin;
A10BD19;linagliptiin+empagliflosiin;
A10BD20;metformiin+empagliflosiin;
A10BD21;saksagliptiin+dapagliflosiin;
A10BD23;metformiin+ertugliflosiin;
A10BD24;sitagliptiin+ertugliflosiin;
A10BD25;metformiin+saksagliptiin+dapagliflosiin;
A10BD80;metformiin+glibenklamiid;
A10BF;Alfaglükosidaasi inhibiitorid;
A10BF01;akarboos;
A10BF02;miglitool;
A10BG;Tiasolidiindioonid;
A10BG02;rosiglitasoon;
A10BG03;pioglitasoon;
A10BH;Dipeptüülpeptidaas 4(DPP-4) inhibiitorid;
A10BH01;sitagliptiin;
A10BH02;vildagliptiin;
A10BH03;saksagliptiin;
A10BH04;alogliptiin;
A10BH05;linagliptiin;
A10BJ;Glükagoonilaadse peptiid 1 (GLP-1) analoogid;
A10BJ01;eksenatiid;
A10BJ02;liraglutiid;
A10BJ03;liksisenatiid;
A10BJ04;albiglutiid;
A10BJ05;dulaglutiid;
A10BJ06;semaglutiid;
A10BK;Naatriumi-glükoosi kotransporter 2 (SGLT2) inhibiitorid;
A10BK01;dapagliflosiin;
A10BK02;kanagliflosiin;
A10BK03;empagliflosiin;
A10BK04;ertugliflosiin;
A10BK06;sotagliflosiin;
A10BX;Teised vere glükoosisisaldust vähendavad ained, v.a insuliinid;
A10BX02;repagliniid;
A10BX03;nategliniid;
A10BX06;benfluoreks;
A10BX16;tirsepatiid;
A10X;TEISED DIABEEDI RAVIKS KASUTATAVAD AINED;
A10XA;Aldoosi reduktaasi inhibiitorid;
A11;VITAMIINID;
A11A;POLÜVITAMIINIDE KOMBINATSIOONID;
A11AA;Polüvitamiinid mineraalainetega;
A11AA03;multivitamiinid+mineraalained;
A11AA81;multivitamiinid+mineraalained+koliin;
A11AA83;multivitamiinid+kaltsiumvesinikfosfaat;
A11AA84;multivitamiinid+mineraalained+þenðenn;
A11AA86;multivitamiinid+raud+lääne-südamerohi+viirpuu;
A11AB;Teised polüvitamiinide kombinatsioonid;
A11B;POLÜVITAMIINID;
A11BA;Polüvitamiinid;
A11BA80;multivitamiinid;
A11C;VITAMIINID A JA D, NENDE OMAVAHELISED KOMBINATSIOONID;
A11CA;Vitamiin A;
A11CA01;retinool;
A11CA02;beetakaroteen;
A11CB;Vitamiinide A ja D kombinatsioonid;
A11CB80;retinool+ergokaltsiferool;
A11CB81;retinool+kolekaltsiferool+askorbiinhape;
A11CC;Vitamiin D ja selle analoogid;
A11CC01;ergokaltsiferool;
A11CC02;dihüdrotahhüsterool;
A11CC03;alfakaltsidool;
A11CC04;kaltsitriool;
A11CC05;kolekaltsiferool;
A11CC06;kaltsifediool;
A11D;VITAMIIN B1 JA SELLE KOMBINATSIOONID VITAMIINIDEGA B6 JA B12;
A11DA;Tiamiin (vitamiin B1);
A11DA01;tiamiin;
A11DA02;sulbutiamiin;
A11DA03;benfotiamiin;
A11DA81;benfotiamiin+püridoksiin+tsüanokobalamiin;
A11DB;Vitamiin B1 ja selle kombinatsioonid vitamiiniga B6 ja/või vitamiiniga B12;
A11DB80;tiamiin+püridoksiin;
A11DB81;benfotiamiin+püridoksiin;
A11DB83;benfotiamiin+tsüanokobalamiin;
A11DB84;tiamiin+püridoksiin+tsüanokobalamiin;
A11DB85;tiamiin+püridoksiin+tsüanokobalamiin+lidokaiin;
A11E;B-RÜHMA VITAMIINID, K.A KOMBINATSIOONID TEISTE AINETEGA;
A11EA;B-rühma vitamiinid;
A11EA80;tiamiin+nikotiinamiid+riboflaviin+kaltsiumpantotenaat+püridoksiin;
A11EA81;tiamiin+nikotiinamiid+riboflaviin+kaltsiumpantotenaat+püridoksiin+tsüanokobalamiin+biotiin;
A11EB;B-rühma vitamiinid vitamiiniga C;
A11EC;B-rühma vitamiinid mineraalainetega;
A11ED;B-rühma vitamiinid anaboolsete steroididega;
A11EX;B-rühma vitamiinide teised kombinatsioonid;
A11G;ASKORBIINHAPE (VITAMIIN C) JA SELLE KOMBINATSIOONID;
A11GA;Askorbiinhape (vitamiin C);
A11GA01;askorbiinhape;
A11GB;Askorbiinhappe (vitamiin C) kombinatsioonid;
A11GB02;askorbiinhape+rutosiid;
A11H;VITAMIINIDE TEISED PREPARAADID;
A11HA;Vitamiinide teised preparaadid;
A11HA01;nikotiinamiid;
A11HA02;püridoksiin;
A11HA03;tokoferool;
A11HA04;riboflaviin;
A11HA05;biotiin;
A11HA06;püridoksaalfosfaat;
A11HA08;tokofersolaan;
A11HA30;dekspantenool;
A11HA31;kaltsiumpantotenaat;
A11J;VITAMIINIDE TEISED KOMBINATSIOONID;
A11JA;Vitamiinide kombinatsioonid;
A11JA80;vitamiinide kombinatsioonid;
A11JA81;retinool+tokoferool;
A11JB;Vitamiinid mineraalainetega;
A11JB81;püridoksiin+magneesium;
A11JB82;tiamiin+riboflaviin+püridoksiin+tsüanokobalamiin+askorbiinhape+biotiin+nikotiinamiid+kaltsiumpantotenaat+kaltsium+magneesium+foolhape+tsink;
A11JC;Vitamiinide teised kombinatsioonid;
A11JC80;tiamiin+kaltsiumpantotenaat+pärmseente ekstrakt+tsüstiin+keratiin+4-aminobensoehape;
A11JC81;tiamiin+tokoferool+nikotiinamiid+riboflaviin+lüsiin+dekspantenool+kaltsium+kolekaltsiferool+püridoksiin+fosfor;
A12;MINERAALSED LISANDID;
A12A;KALTSIUM;
A12AA;Kaltsium;
A12AA02;kaltsiumglubionaat;
A12AA03;kaltsiumglükonaat;
A12AA04;kaltsiumkarbonaat;
A12AA05;kaltsiumlaktaat;
A12AA07;kaltsiumkloriid;
A12AA08;kaltsiumglütserofosfaat;
A12AA10;kaltsiumglükoheptonaat;
A12AA11;kaltsiumpangamaat;
A12AX;Kaltsiumi kombinatsioonid vitamiin D ja/või teiste ainetega;
A12AX80;kaltsium+kolekaltsiferool;
A12B;KAALIUM;
A12BA;Kaalium;
A12BA01;kaaliumkloriid;
A12BA02;kaaliumtsitraat;
A12BA80;kaaliumkloriid+kaaliumvesinikkarbonaat;
A12BA81;kaaliumaspartaat+magneesiumaspartaat;
A12BA82;kaaliumtsitraat+kaaliumvesinikkarbonaat;
A12C;TEISED MINERAALSED LISANDID;
A12CA;Naatrium;
A12CA01;naatriumkloriid;
A12CA02;naatriumsulfaat, veevaba;
A12CB;Tsink;
A12CB01;tsinksulfaat;
A12CB02;tsinkglükonaat;
A12CB80;tsinklaktaat+tokoferool+askorbiinhape+beetakaroteen+naatriumselenaat;
A12CC;Magneesium;
A12CC01;magneesiumkloriid;
A12CC02;magneesiumsulfaat;
A12CC04;magneesiumtsitraat;
A12CC05;magneesiumaspartaat;
A12CC06;magneesiumlaktaat;
A12CC09;magneesiumorotaat;
A12CC81;magneesiumvesiniktsitraat+magneesiumoksiid;
A12CD;Fluor;
A12CD01;naatriumfluoriid;
A12CD80;naatriumfluoriid+tinafluoriid;
A12CE;Seleen;
A12CE01;naatriumselenaat;
A12CE02;naatriumseleniit;
A12CX;Teised mineraalained;
A12CX81;alumiiniumklorohüdraat;
A12CX83;fosfaadid;
A13;TOONIKUMID;
A13A;TOONIKUMID;
A13AA;Toonikumid;
A14;ANABOOLSED AINED SÜSTEEMSEKS KASUTAMISEKS;
A14A;ANABOOLSED STEROIDID;
A14AA;Androstaani derivaadid;
A14AA01;androstanoloon;
A14AA02;stanosolool;
A14AA03;metandienoon;
A14AA04;metenoloon;
A14AA05;oksümetoloon;
A14AA06;kvinboloon;
A14AA07;prasteroon;
A14AA08;oksandroloon;
A14AA09;noretandroloon;
A14AB;Östreeni derivaadid;
A14AB01;nandroloon;
A14AB02;etüülestrenool;
A14AB03;oksaboloontsipionaat;
A14B;TEISED ANABOOLSED AINED;
A14BX;Teised anaboolsed ained;
A14BX80;riboksiin;
A15;SÖÖGIISU STIMULEERIVAD AINED;
A15A;SÖÖGIISU STIMULEERIVAD AINED;
A15AA;Söögiisu stimuleerivad ained;
A16;TEISED SEEDEKULGLAT JA AINEVAHETUST MÕJUTAVAD AINED;
A16A;TEISED SEEDEKULGLAT JA AINEVAHETUST MÕJUTAVAD AINED;
A16AA;Aminohapped ja nende derivaadid;
A16AA01;levokarnitiin;
A16AA02;ademetioniin;
A16AA03;glutamiin;
A16AA04;merkaptamiin;
A16AA05;kargluumhape;
A16AA06;betaiin;
A16AA07;metreleptiin;
A16AA80;L-arginiin;
A16AA81;glütsiin;
A16AB;Ensüümid;
A16AB01;alglütseraas;
A16AB02;imiglütseraas;
A16AB03;alfaagalsidaas;
A16AB04;beetaagalsidaas;
A16AB05;laronidaas;
A16AB07;alfaalglükosidaas;
A16AB08;galsulfaas;
A16AB09;idursulfaas;
A16AB10;alfavelaglütseraas;
A16AB12;alfaelosulfaas;
A16AB13;alfaasfotaas;
A16AB14;alfasebelipaas;
A16AB15;alfavelmanaas;
A16AB17;alfatserliponaas;
A16AB18;alfavestronidaas;
A16AB19;pegvaliaas;
A16AB20;alfapegunigalsidaas;
A16AB21;atidarsageenautotemtseel;
A16AB22;alfaavalglükosidaas;
A16AB23;alfatsipaglükosidaas;
A16AB25;alfaolipudaas;
A16AB26;eladokageeneksuparvovek;
A16AX;Erinevad seedekulglat ja ainevahetust mõjutavad ained;
A16AX01;tiokthape;
A16AX02;anetooltritioon;
A16AX03;naatriumfenüülbutüraat;
A16AX04;nitisinoon;
A16AX05;tsink;
A16AX06;miglustaat;
A16AX07;sapropteriin;
A16AX08;teduglutiid;
A16AX09;glütseroolfenüülbutüraat;
A16AX10;eliglustaat;
A16AX12;trientiin;
A16AX14;migalastaat;
A16AX15;telotristaat;
A16AX16;givosiraan;
A16AX18;lumasiraan;
A16AX19;fosdenopteriin;
A16AX20;lonafarniib;
A16AX80;kreatiin;
A16AX81;vaskhistidiin;
B;VERI JA VERELOOMEORGANID;
B01;TROMBOOSIVASTASED AINED;
B01A;TROMBOOSIVASTASED AINED;
B01AA;Vitamiin K antagonistid;
B01AA01;dikumarool;
B01AA02;fenindioon;
B01AA03;varfariin;
B01AA04;fenprokumoon;
B01AA07;atsenokumarool;
B01AA08;etüülbiskumatsetaat;
B01AA09;klorindioon;
B01AA10;difenadioon;
B01AA11;tioklomarool;
B01AB;Hepariini rühm;
B01AB01;naatriumhepariin;
B01AB02;antitrombiin III;
B01AB04;naatriumdaltepariin;
B01AB05;naatriumenoksapariin;
B01AB06;kaltsiumnadropariin;
B01AB07;naatriumparnapariin;
B01AB08;naatriumrevipariin;
B01AB09;naatriumdanaparoid;
B01AB10;naatriumtinsapariin;
B01AB11;sulodeksiid;
B01AB12;naatriumbemipariin;
B01AB80;naatriumtsertopariin;
B01AC;Trombotsüütide agregatsiooni inhibiitorid, v.a hepariin;
B01AC01;ditasool;
B01AC02;klorikromeen;
B01AC04;klopidogreel;
B01AC05;tiklopidiin;
B01AC06;atsetüülsalitsüülhape;
B01AC07;dipüridamool;
B01AC08;kaltsiumkarbasalaat;
B01AC09;epoprostenool;
B01AC10;indobufeen;
B01AC11;iloprost;
B01AC13;abtsiksimab;
B01AC15;aloksipriin;
B01AC16;eptifibatiid;
B01AC17;tirofibaan;
B01AC18;triflusaal;
B01AC21;treprostiniil;
B01AC22;prasugreel;
B01AC23;tsilostasool;
B01AC24;tikagreloor;
B01AC25;kangreloor;
B01AC26;vorapaksaar;
B01AC27;seleksipaag;
B01AC80;atsetüülsalitsüülhape+magneesiumoksiid;
B01AC82;atsetüülsalitsüülhape+dipüridamool;
B01AC83;klopidogreel+atsetüülsalitsüülhape;
B01AC84;atsetüülsalitsüülhape+esomeprasool;
B01AD;Ensüümid;
B01AD01;streptokinaas;
B01AD02;alteplaas;
B01AD03;anistreplaas;
B01AD04;urokinaas;
B01AD05;fibrinolüsiin (humaan);
B01AD06;brinaas;
B01AD07;reteplaas;
B01AD08;saruplaas;
B01AD10;alfadrotrekogiin, aktiveeritud;
B01AD11;tenekteplaas;
B01AD12;proteiin C;
B01AE;Otsesed trombiini inhibiitorid;
B01AE01;desirudiin;
B01AE02;lepirudiin;
B01AE03;argatrobaan;
B01AE06;bivalirudiin;
B01AE07;dabigatraaneteksilaat;
B01AF;Otsesed Xa faktori inhibiitorid;
B01AF01;rivaroksabaan;
B01AF02;apiksabaan;
B01AF03;edoksabaan;
B01AX;Teised tromboosivastased ained;
B01AX01;defibrotiid;
B01AX05;naatriumfondapariinuks;
B01AX07;kaplatsizumab;
B02;VEREJOOKSU TÕKESTAVAD AINED;
B02A;ANTIFIBRINOLÜÜTILISED AINED;
B02AA;Aminohapped;
B02AA01;aminokaproonhape;
B02AA02;traneksaamhape;
B02AA03;aminometüülbensoehape;
B02AB;Proteinaasi inhibiitorid;
B02AB01;aprotiniin;
B02AB02;alfa-1-antitrüpsiin;
B02AB04;kamostaat;
B02B;VITAMIIN K JA TEISED HEMOSTAATILISED AINED;
B02BA;Vitamiin K;
B02BA01;fütomenadioon;
B02BA02;menadioonnaatriumbisulfit;
B02BB;Fibrinogeen;
B02BB01;humaanfibrinogeen;
B02BC;Lokaalsed hemostaatilised ained;
B02BC01;þelatiin (veevaba);
B02BC05;adrenaloon;
B02BC06;trombiin;
B02BC07;kollageen;
B02BC09;epinefriin (adrenaliin);
B02BC80;hobuse kõõluse kollageen+veise trombiin+veise aprotiniin+humaanfibrinogeen;
B02BC81;humaanfibrinogeen+humaantrombiin;
B02BC82;humaanfibrinogeen;
B02BD;Vere hüübimisfaktorid;
B02BD01;inimese protrombiinkompleks;
B02BD02;VIII hüübimisfaktor;
B02BD03;faktor VIII inhibiitorist möödamineva aktiivsusega hüübimisfaktorid;
B02BD04;IX hüübimisfaktor;
B02BD05;VII hüübimisfaktor;
B02BD06;von Willebrandi faktor+VIII hüübimisfaktor;
B02BD07;XIII hüübimisfaktor;
B02BD08;VIIa hüübimisfaktor;
B02BD10;von Willebrandi faktor;
B02BD11;katridekakog;
B02BD13;X hüübimisfaktor;
B02BD14;alfasusoktokog;
B02BD15;valoktokogeenroksaparvovek;
B02BX;Teised süsteemsed hemostaatilised ained;
B02BX01;etamsülaat;
B02BX02;karbasokroom;
B02BX03;batroksobiin;
B02BX04;romiplostiim;
B02BX05;eltrombopaag;
B02BX06;emitsizumab;
B02BX07;lusutrombopaag;
B02BX08;avatrombopaag;
B02BX09;fostamatiniib;
B03;ANEEMIAVASTASED PREPARAADID;
B03A;RAUAPREPARAADID;
B03AA;Raud(II), suukaudsed preparaadid;
B03AA02;raud(II)fumaraat;
B03AA03;raud(II)glükonaat;
B03AA07;raud(II)sulfaat;
B03AA09;raud(II)aspartaat;
B03AA80;raud(II)sulfaat+askorbiinhape;
B03AB;Raud(III), suukaudsed preparaadid;
B03AB03;naatriumraud(III)edetaat;
B03AB04;raud(III)hüdroksiid;
B03AB05;dekstriferroon;
B03AB10;raud(III)maltool;
B03AB80;raud(III)hüdroksiid-polümaltooskompleks;
B03AC;Parenteraalsed raua preparaadid;
B03AC01;dekstriferroon;
B03AC02;raud(III)hüdroksiid-sahharooskompleks;
B03AC06;raud(III)hüdroksiid-dekstraankompleks;
B03AC07;raud(III)naatriumglükonaatkompleks;
B03AC80;raud(III)derisomaltoos;
B03AC81;ferumoksütool;
B03AD;Raua kombinatsioonid foolhappega;
B03AD02;raud(II)fumaraat+foolhape;
B03AD03;raud(II)sulfaat+foolhape;
B03AD05;raud(II)glükonaat+foolhape;
B03AE;Teised raua kombinatsioonid;
B03AE01;raud(III)+foolhape+tsüanokobalamiin;
B03AE80;ütrium(90Y)raud(III)hüdroksiid, kolloidne+askorbiinhape+foolhape+tsüanokobalamiin;
B03AE81;raud(II)glükonaat+mangaanglükonaat+vaskglükonaat;
B03AE82;raud(II)fumaraat+foolhape+askorbiinhape;
B03B;VITAMIIN B12 JA FOOLHAPE;
B03BA;Vitamiin B12 (tsüanokobalamiin ja selle analoogid);
B03BA01;tsüanokobalamiin;
B03BA03;hüdroksükobalamiin;
B03BA04;kobamamiid;
B03BB;Foolhape ja selle derivaadid;
B03BB01;foolhape;
B03X;TEISED ANEEMIAVASTASED PREPARAADID;
B03XA;Teised aneemiavastased preparaadid;
B03XA01;erütropoetiin;
B03XA02;alfadarbepoetiin;
B03XA03;metoksüpolüetüleenglükool-beetaepoetiin;
B03XA05;roksadustaat;
B03XA06;luspatertsept;
B03XA08;vadadustaat;
B05;VEREASENDAJAD JA PERFUSIOONILAHUSED;
B05A;VERI JA VEREPREPARAADID;
B05AA;Vereasendajad ja plasmavalgu fraktsioonid;
B05AA01;albumiin;
B05AA05;dekstraan;
B05AA06;þelatiin;
B05AA80;hüdroksüetüültärklis+naatriumkloriid;
B05AA81;dekstraan+naatriumkloriid;
B05AA82;hüdroksüetüültärklis+naatriumatsetaattrihüdraat+naatriumkloriid+kaaliumkloriid+magneesiumkloriidheksahüdraat;
B05AA83;þelatiin (veevaba)+naatriumkloriid+kaaliumkloriid+magneesiumkloriid+naatriumlaktaat;
B05AA84;hüdroksüetüültärklis+naatriumkloriid+kaaliumkloriid+kaltsiumkloriiddihüdraat+magneesiumkloriid+naatriumatsetaattrihüdraat+õunhape;
B05AA85;hüdroksüetüültärklis+naatriumkloriid+kaaliumkloriid+kaltsiumkloriiddihüdraat+magneesiumkloriid+naatriumatsetaattrihüdraat;
B05AA86;inimvereplasma proteiinid;
B05B;INTRAVENOOSSED LAHUSED;
B05BA;Parenteraalsed toitelahused;
B05BA01;aminohapped;
B05BA02;rasvemulsioonid;
B05BA03;süsivesikud;
B05BA10;kombinatsioonid;
B05BA80;aminohapped ja elektrolüüdid;
B05BA81;aminohapped+rasvemulsioonid+glükoos;
B05BA82;aminohapped+glükoos;
B05BA83;aminohapped+elektrolüüdid+glükoos;
B05BB;Elektrolüütide tasakaalu mõjutavad lahused;
B05BB01;elektrolüüdid;
B05BB02;elektrolüüdid+süsivesikud;
B05BB03;trometamool;
B05BB80;kaaliumhüdroksiid+magneesiumhüdroksiid+aspartaamhape;
B05BB81;naatriumkloriid+glükoos;
B05BB82;kaaliumkloriid+glükoos;
B05BB83;kaaliumkloriid+naatriumkloriid;
B05BC;Osmootset diureesi põhjustavad lahused;
B05BC01;mannitool;
B05BC02;uurea;
B05C;LOPUTUSLAHUSED;
B05CA;Infektsioonivastased ained;
B05CA01;tsetüülpüridiinkloriid;
B05CA02;kloorheksidiin;
B05CA03;nitrofuraal;
B05CA04;sulfametisool;
B05CA05;taurolidiin;
B05CA07;noksütioliin;
B05CA08;etakridiinlaktaat;
B05CA09;neomütsiin;
B05CB;Soolalahused;
B05CB01;naatriumkloriid;
B05CB02;naatriumtsitraat;
B05CB03;magneesiumtsitraat;
B05CX;Teised loputuslahused;
B05CX01;glükoos;
B05CX02;sorbitool;
B05CX03;glütsiin;
B05CX04;mannitool;
B05CX10;kombinatsioonid;
B05D;PERITONEAALDIALÜÜSI LAHUSED;
B05DA;Isotoonilised lahused;
B05DA80;isotoonilised lahused;
B05DB;Hüpertoonilised lahused;
B05DB80;hüpertoonilised lahused;
B05DB81;aminohapped+naatriumkloriid+kaltsiumkloriiddihüdraat+magneesiumkloriidheksahüdraat+naatriumlaktaat;
B05Z;HEMODIALÜÜSI JA HEMOFILTRATSIOONI LAHUSED;
B05ZA;Hemodialüüsi lahuste kontsentraadid;
B05ZA80;hemodialüütikumid;
B05ZB;Hemofiltratsiooni lahused;
B05ZB80;naatriumkloriid+kaaliumkloriid+kaltsiumkloriiddihüdraat+magneesiumkloriid+glükoos+naatriumvesinikkarbonaat;
B05ZB81;naatriumkloriid+kaltsiumkloriiddihüdraat+magneesiumkloriid+glükoos+naatriumvesinikkarbonaat;
B05ZB82;kaltsiumkloriiddihüdraat+magneesiumkloriidheksahüdraat+naatriumkloriid+naatriumvesinikkarbonaat+kaaliumkloriid+dinaatriumvesinikfosfaatdihüdraat;
B05ZB83;kaltsiumkloriiddihüdraat+magneesiumkloriidheksahüdraat+glükoos+piimhape+naatriumkloriid+naatriumvesinikkarbonaat+kaaliumkloriid;
B05ZB84;kaltsiumkloriiddihüdraat+magneesiumkloriidheksahüdraat+piimhape+naatriumvesinikkarbonaat+naatriumkloriid;
B05ZB85;naatriumtsitraat+naatriumkloriid;
B05ZB86;magneesiumkloriidheksahüdraat+naatriumkloriid+kaaliumkloriid+dinaatriumvesinikfosfaatdihüdraat+naatriumvesinikkarbonaat;
B05ZB87;naatriumtsitraat;
B05X;INTRAVENOOSSETE LAHUSTE LISANDID;
B05XA;Elektrolüütide lahused;
B05XA01;kaaliumkloriid;
B05XA02;naatriumvesinikkarbonaat;
B05XA03;naatriumkloriid;
B05XA04;ammooniumkloriid;
B05XA05;magneesiumsulfaat;
B05XA06;kaaliumdivesinikfosfaat;
B05XA07;kaltsiumkloriid;
B05XA08;naatriumatsetaattrihüdraat;
B05XA09;naatriumfosfaat(32P);
B05XA11;magneesiumkloriid;
B05XA13;vesinikkloriidhape, lahjendatud;
B05XA14;naatriumglütserofosfaathüdraat;
B05XA80;elektrolüüdid;
B05XB;Aminohapped;
B05XB01;arginiin;
B05XB02;alanüülglutamiin;
B05XB03;lüsiin;
B05XC;Vitamiinid;
B05XC80;vitamiinid;
B05XX;Teised intravenoossete lahuste lisandid;
B05XX02;trometamool;
B06;TEISED HEMATOLOOGILISED AINED;
B06A;TEISED HEMATOLOOGILISED AINED;
B06AA;Ensüümid;
B06AA02;fibrinolüsiin (humaan)+alfadornaas;
B06AA03;hüaluronidaas;
B06AA04;kümotrüpsiin;
B06AA07;trüpsiin;
B06AA10;alfadornaas;
B06AB;Heemi preparaadid;
B06AB01;hemiin;
B06AB80;vasika vere hemoderivaat, deproteiniseeritud;
B06AB82;autoloogsed CD34+ beeta-A-T87Q-globiini geeni kodeerivad vereloome tüvirakud;
B06AC;Päriliku angioödeemi raviks kasutatavad ained;
B06AC01;C1-inhibiitor, plasmast pärinev;
B06AC02;ikatibant;
B06AC04;alfakonestaat;
B06AC05;lanadelumab;
B06AC06;berotralstaat;
B06AX;Teised hematoloogilised preparaadid;
B06AX01;krisanlizumab;
B06AX03;vokselotoor;
B06AX04;mitapivaat;
B06AX80;etranakogeendesaparvovek;
C;KARDIOVASKULAARSÜSTEEM;
C01;SÜDAMEHAIGUSTE RAVI;
C01A;SÜDAMEGLÜKOSIIDID;
C01AA;Sõrmkübaraglükosiidid;
C01AA01;atsetüüldigitoksiin;
C01AA02;atsetüüldigoksiin;
C01AA04;digitoksiin;
C01AA05;digoksiin;
C01AA06;lanatosiid C;
C01AA07;deslanosiid;
C01AA08;metüüldigoksiin;
C01AA09;gitoformaat;
C01AB;Sillaglükosiidid;
C01AB01;prostsillaridiin;
C01AC;Strofandiglükosiidid;
C01AC01;ouabaiin;
C01AX;Teised südameglükosiidid;
C01B;ANTIARÜTMIKUMID, I JA III KLASS;
C01BA;IA klassi antiarütmikumid;
C01BA01;kinidiin;
C01BA02;prokaiinamiid;
C01BA03;disopüramiid;
C01BA04;sparteiin;
C01BA05;aimaliin;
C01BA08;praimaalium;
C01BA12;loraimiin;
C01BA13;hüdrokinidiin;
C01BB;IB klassi antiarütmikumid;
C01BB01;lidokaiin;
C01BB02;meksiletiin;
C01BB03;tokainiid;
C01BB04;aprindiin;
C01BB80;etatsisiin;
C01BC;IC klassi antiarütmikumid;
C01BC03;propafenoon;
C01BC04;flekainiid;
C01BC07;lorkainiid;
C01BC08;enkainiid;
C01BD;III klassi antiarütmikumid;
C01BD01;amiodaroon;
C01BD02;bretüüliumtosilaat;
C01BD03;bunaftiin;
C01BD04;dofetiliid;
C01BD05;ibutiliid;
C01BD06;tedisamiil;
C01BD07;dronedaroon;
C01BG;Teised I  ja III klassi antiarütmikumid;
C01BG01;moratsisiin;
C01BG07;tsibensoliin;
C01BG11;vernakalant;
C01C;SÜDAMETEGEVUST STIMULEERIVAD AINED, V.A SÜDAMEGLÜKOSIIDID;
C01CA;Adrenergilised ja dopaminergilised ained;
C01CA01;etilefriin;
C01CA02;isoprenaliin;
C01CA03;norepinefriin (noradrenaliin);
C01CA04;dopamiin;
C01CA05;norfenefriin;
C01CA06;fenüülefriin;
C01CA07;dobutamiin;
C01CA09;metaraminool;
C01CA10;metoksamiin;
C01CA11;mefentermiin;
C01CA12;dimetofriin;
C01CA13;prenalterool;
C01CA14;dopeksamiin;
C01CA15;gepefriin;
C01CA16;ibopamiin;
C01CA17;midodriin;
C01CA18;oktopamiin;
C01CA19;fenoldopaam;
C01CA21;kafedriin;
C01CA22;arbutamiin;
C01CA23;teodrenaliin;
C01CA24;epinefriin (adrenaliin);
C01CA26;efedriin;
C01CE;Fosfodiesteraasi inhibiitorid;
C01CE01;amrinoon;
C01CE02;milrinoon;
C01CE03;enoksimoon;
C01CE04;bukladesiin;
C01CX;Teised südametegevust stimuleerivad ained;
C01CX06;angiotensiinamiid;
C01CX07;ksamoterool;
C01CX08;levosimendaan;
C01CX09;angiotensiin II;
C01CX80;ammoniaak;
C01D;SÜDAMEHAIGUSTE KORRAL KASUTATAVAD VASODILATAATORID;
C01DA;Orgaanilised nitraadid;
C01DA02;glütserüültrinitraat;
C01DA05;pentaeritritüültetranitraat;
C01DA07;propatüülnitraat;
C01DA08;isosorbiitdinitraat;
C01DA09;trolnitraat;
C01DA13;eritritüültetranitraat;
C01DA14;isosorbiitmononitraat;
C01DB;Vasodilatoorsed kinoloonid;
C01DB01;flosekvinaan;
C01DX;Teised südamehaiguste korral kasutatavad vasodilataatorid;
C01DX01;itramiintosilaat;
C01DX02;prenüülamiin;
C01DX03;oksüfedriin;
C01DX04;bensiodaroon;
C01DX05;karbokromeen;
C01DX06;heksobendiin;
C01DX07;etafenoon;
C01DX08;heptaminool;
C01DX09;imolamiin;
C01DX10;dilaseep;
C01DX11;trapidiil;
C01DX12;molsidomiin;
C01DX13;efloksaat;
C01DX14;tsinepaseet;
C01DX15;kloridarool;
C01DX16;nikorandiil;
C01DX18;linsidomiin;
C01DX22;veritsiguaat;
C01DX80;meldoonium;
C01E;TEISED SÜDAMESSE TOIMIVAD PREPARAADID;
C01EA;Prostaglandiinid;
C01EA01;alprostadiil;
C01EB;Teised südamesse toimivad preparaadid;
C01EB02;kamper;
C01EB03;indometatsiin;
C01EB05;kreatinoolfosfaat;
C01EB06;fosfokreatiniin;
C01EB07;fruktoos;
C01EB09;ubidekarenoon;
C01EB10;adenosiin;
C01EB11;tiratsisiin;
C01EB13;akadesiin;
C01EB15;trimetasidiin;
C01EB16;ibuprofeen;
C01EB17;ivabradiin;
C01EB18;ranolasiin;
C01EB21;regadenosoon;
C01EB24;mavakamteen;
C01EB80;viirpuuvili;
C01EX;Teiste südamesse toimivate ainete kombinatsioonid;
C01EX80;kokarboksülaas;
C01EX81;palderjanijuur+veiste-südamerohuürt+viirpuuvili;
C02;HÜPERTENSIOONIVASTASED AINED;
C02A;TSENTRAALSE TOIMEGA ANTIADRENERGILISED AINED;
C02AA;Rauvolfia alkaloidid;
C02AA01;restsinnamiin;
C02AA02;reserpiin;
C02AA03;madurauvolfia alkaloidide kombinatsioonid;
C02AA05;deserpidiin;
C02AA06;metoserpidiin;
C02AA07;bietaserpiin;
C02AB;Metüüldopa;
C02AB01;metüüldopa;
C02AC;Imidasoliiniretseptori agonistid;
C02AC01;klonidiin;
C02AC02;guanfatsiin;
C02AC04;tolonidiin;
C02AC05;moksonidiin;
C02AC06;rilmenidiin;
C02B;ANTIADRENERGILISED AINED - GANGLIOBLOKAATORID;
C02BA;Sulfooniumi derivaadid;
C02BA01;trimetafaankamsilaat;
C02BB;Sekundaarsed ja tertsiaarsed amiinid;
C02BB01;mekamüülamiin;
C02BC;Biskvaternaarsed ammooniumiühendid;
C02C;PERIFEERSE TOIMEGA ANTIADRENERGILISED AINED;
C02CA;Alfaadrenoretseptorite antagonistid;
C02CA01;prasosiin;
C02CA02;indoramiin;
C02CA03;trimasosiin;
C02CA04;doksasosiin;
C02CA06;urapidiil;
C02CC;Guanidiini derivaadid;
C02CC01;betanidiin;
C02CC02;guanetidiin;
C02CC03;guanoksaan;
C02CC05;guanokloor;
C02CC06;guanasodiin;
C02CC07;guanoksabens;
C02D;ARTERIOOLIDE SILELIHASTESSE TOIMIVAD AINED;
C02DA;Tiasiidi derivaadid;
C02DA01;diasoksiid;
C02DB;Hüdrasinoftalasiini derivaadid;
C02DB01;dihüdralasiin;
C02DB02;hüdralasiin;
C02DB03;endralasiin;
C02DB04;kadralasiin;
C02DC;Pürimidiini derivaadid;
C02DC01;minoksidiil;
C02DD;Nitroferritsüaniidi derivaadid;
C02DD01;naatriumnitroprussiid;
C02DG;Guanidiini derivaadid;
C02DG01;pinatsidiil;
C02K;TEISED HÜPERTENSIOONIVASTASED AINED;
C02KA;Alkaloidid, v.a rauvolfia alkaloidid;
C02KB;Türosiini hüdroksülaasi inhibiitorid;
C02KB01;metirosiin;
C02KC;Monoamiini oksüdaasi (MAO) inhibiitorid;
C02KC01;pargüliin;
C02KD;Serotoniini antagonistid;
C02KD01;ketanseriin;
C02KX;Kopsu arteriaalse hüpertensiooni vastased ained;
C02KX01;bosentaan;
C02KX02;ambrisentaan;
C02KX03;sitaksentaan;
C02KX04;matsitentaan;
C02KX05;riotsiguaat;
C02L;HÜPERTENSIOONIVASTASTE AINETE JA DIUREETIKUMIDE KOMBINATSIOONID;
C02LA;Rauvolfia alkaloidide kombinatsioonid diureetikumidega;
C02LA80;reserpiin+dihüdralasiin+hüdroklorotiasiid;
C02LA81;reserpiin+hüdroklorotiasiid+dihüdroergotoksiin;
C02LA83;reserpiin+dihüdroergokristiin+klopamiid;
C02LB;Metüüldopa ja diureetikumide kombinatsioonid;
C02LC;Imidasoliiniretseptori agonistide kombinatsioonid diureetikumidega;
C02LE;Alfaadrenoretseptorite antagonistid ja diureetikumid;
C02LF;Guanidiini derivaadid ja diureetikumid;
C02LG;Hüdrasinoftalasiini derivaadid ja diureetikumid;
C02LK;Alkaloidide kombinatsioonid diureetikumidega, v.a rauvolfia alkaloididega;
C02LL;MAO inhibiitorid ja diureetikumid;
C02LN;Serotoniini (5-HT) antagonistid ja diureetikumid;
C02LX;Teised hüpertensioonivastased ained ja diureetikumid;
C02N;ATC-RÜHMA C02 KUULUVATE HÜPERTENSIOONIVASTASTE AINETE KOMBINATSIOONID;
C03;DIUREETIKUMID;
C03A;DISTAALSE TORUKESE DIUREETIKUMID TIASIIDID;
C03AA;Tiasiidid;
C03AA01;bendroflumetiasiid;
C03AA02;hüdroflumetiasiid;
C03AA03;hüdroklorotiasiid;
C03AA04;klorotiasiid;
C03AA05;polütiasiid;
C03AA06;trikloormetiasiid;
C03AA07;tsüklopentiasiid;
C03AA08;metüklotiasiid;
C03AA09;tsüklotiasiid;
C03AA13;mebutisiid;
C03AB;Tiasiidide ja kaaliumi kombinatsioonid;
C03AH;Tiasiidide kombinatsioonid psühholeptikumide ja/või analgeetikumidega;
C03AX;Tiasiidide kombinatsioonid teiste ainetega;
C03B;DISTAALSE TORUKESE DIUREETIKUMID, V.A TIASIIDID;
C03BA;Sulfoonamiidid;
C03BA02;kvinetasoon;
C03BA03;klopamiid;
C03BA04;kloortalidoon;
C03BA05;mefrusiid;
C03BA07;klofenamiid;
C03BA08;metolasoon;
C03BA09;metikraan;
C03BA10;ksipamiid;
C03BA11;indapamiid;
C03BA12;kloreksoloon;
C03BA13;fenkvisoon;
C03BB;Sulfoonamiidide ja kaaliumi kombinatsioonid;
C03BC;Elavhõbedat sisaldavad diureetikumid;
C03BC01;mersalüül;
C03BD;Ksantiini derivaadid;
C03BD01;teobromiin;
C03BK;Sulfoonamiidide kombinatsioonid teiste ainetega;
C03BX;Teised distaalse torukese diureetikumid;
C03BX03;tsikletaniin;
C03C;HENLE LINGU DIUREETIKUMID;
C03CA;Sulfoonamiidid;
C03CA01;furosemiid;
C03CA02;bumetaniid;
C03CA03;piretaniid;
C03CA04;torasemiid;
C03CB;Sulfoonamiidide ja kaaliumi kombinatsioonid;
C03CC;Arüüloksüäädikhappe derivaadid;
C03CC01;etakrüünhape;
C03CC02;tieniilhape;
C03CD;Pürasolooni derivaadid;
C03CD01;musolimiin;
C03CX;Teised Henle lingu diureetikumid;
C03CX01;etosoliin;
C03D;ALDOSTEROONI ANTAGONISTID JA TEISED KAALIUMI SÄÄSTVAD DIUREETIKUMID;
C03DA;Aldosterooni antagonistid;
C03DA01;spironolaktoon;
C03DA02;kaaliumkanrenoaat;
C03DA03;kanrenoon;
C03DA04;eplerenoon;
C03DA05;finerenoon;
C03DB;Teised kaaliumi säästvad diureetikumid;
C03DB01;amiloriid;
C03DB02;triamtereen;
C03E;KAALIUMI SÄÄSTVATE DIUREETIKUMIDE JA TEISTE DIUREETIKUMIDE KOMBINATSIOONID;
C03EA;Distaalse torukese diureetikumid ja kaaliumi säästvad diureetikumid;
C03EA80;hüdroklorotiasiid+triamtereen;
C03EA81;hüdroklorotiasiid+amiloriid;
C03EB;Henle lingu diureetikumid ja kaaliumi säästvad diureetikumid;
C03EB80;furosemiid+triamtereen;
C03EB81;furosemiid+spironolaktoon;
C03X;TEISED DIUREETIKUMID;
C03XA;Vasopressiini antagonistid;
C03XA01;tolvaptaan;
C04;PERIFEERSED VASODILATAATORID;
C04A;PERIFEERSED VASODILATAATORID;
C04AA;2-amino-1-fenüületanooli derivaadid;
C04AA01;isoksupriin;
C04AA02;bufeniin;
C04AA31;bametaan;
C04AB;Imidasoliini derivaadid;
C04AB01;fentolamiin;
C04AB02;tolasoliin;
C04AB80;albendasool;
C04AC;Nikotiinhape ja selle derivaadid;
C04AC01;nikotiinhape;
C04AC02;nikotinüülalkohol (püridüülkarbinool);
C04AC03;inositoolnikotinaat;
C04AC07;tsiklonikaat;
C04AD;Puriini derivaadid;
C04AD01;pentifülliin;
C04AD02;ksantinoolnikotinaat;
C04AD03;pentoksüfülliin;
C04AD04;etofülliin;
C04AD80;etofülliin+heksobendiin+etamivaan;
C04AE;Tungaltera alkaloidid;
C04AE01;ergoloidmesülaat;
C04AE02;nitsergoliin;
C04AE04;dihüdroergokristiin;
C04AF;Ensüümid;
C04AF01;kallidinogenaas;
C04AX;Teised perifeersed vasodilataatorid;
C04AX01;tsüklandelaat;
C04AX02;fenoksübensamiin;
C04AX07;vinkamiin;
C04AX10;moksisülüüt;
C04AX11;bentsüklaan;
C04AX17;vinburniin;
C04AX20;buflomediil;
C04AX21;naftidrofurüül;
C04AX23;butalamiin;
C04AX24;visnadiin;
C04AX26;tsetiediil;
C04AX27;tsinepasiid;
C04AX28;ifenprodiil;
C05;VASOPROTEKTORID;
C05A;HEMORROIDIDE JA PÄRAKULÕHEDE PAIKSEKS RAVIKS KASUTATAVAD AINED;
C05AA;Kortikosteroidid;
C05AA01;hüdrokortisoon;
C05AA04;prednisoloon;
C05AA05;beetametasoon;
C05AA06;fluorometoloon;
C05AA08;fluokortoloon;
C05AA09;deksametasoon;
C05AA10;fluotsinoloonatsetoniid;
C05AA11;fluotsinoniid;
C05AA80;hüdrokortisoon+pramokaiin;
C05AA81;prednisoloon+lidokaiin+triklosaan+dekspantenool;
C05AA82;hüdrokortisoon+tsinhokaiin;
C05AA83;hüdrokortisoon+eskuliin+framütsetiin+tsinhokaiin;
C05AA84;fluokortoloon+lidokaiin;
C05AA85;hüdrokortisoon+lidokaiin+tsinkoksiid;
C05AB;Antibiootikumid;
C05AD;Lokaalanesteetikumid;
C05AD01;lidokaiin;
C05AD02;tetrakaiin;
C05AD03;bensokaiin;
C05AD04;tsinhokaiin;
C05AD05;prokaiin;
C05AD06;oksetakaiin;
C05AD07;pramokaiin;
C05AE;Müorelaksandid;
C05AE01;glütserüültrinitraat;
C05AX;Teised hemorroidide ja pärakulõhede paikseks raviks kasutatavad ained;
C05AX01;alumiiniumatsetaat;
C05AX05;tribenosiid;
C05AX80;tribenosiid+lidokaiin;
C05AX81;kseroform+tsinksulfaat+belladonnaekstrakt;
C05AX82;fenüülefriin+haimaksaõli;
C05AX83;pärmseente ekstrakt+haimaksaõli;
C05AX84;bufeksamak+vismutsubgallaat+titaandioksiid+lidokaiin;
C05AX85;astelpaju õli;
C05B;VEENILAIENDITE RAVI;
C05BA;Hepariinid või heparinoidid paikseks kasutamiseks;
C05BA01;kondroitiinpolüsulfaat;
C05BA02;naatriumapolaat;
C05BA03;naatriumhepariin;
C05BA04;naatriumpentosaanpolüsulfaat;
C05BA80;naatriumhepariin+estsiin+EPL substants;
C05BA81;naatriumhepariin+bensokaiin+bensüülnikotinaat;
C05BA82;naatriumhepariin+estsiin;
C05BB;Skleroseerivad ained lokaalseks süstimiseks;
C05BB01;monoetanoolamiinoleaat;
C05BB02;lauromakrogool 400;
C05BB04;naatriumtetradetsüülsulfaat;
C05BX;Teised skleroseerivad ained;
C05BX01;kaltsiumdobesilaat;
C05C;KAPILLAARE STABILISEERIVAD AINED;
C05CA;Bioflavonoidid;
C05CA01;rutosiid;
C05CA02;monokserutiin;
C05CA03;diosmiin;
C05CA04;trokserutiin;
C05CA05;hidrosmiin;
C05CA53;diosmiin+hesperidiin;
C05CA80;rutosiid+dihüdroergokristiin+eskuliin;
C05CA83;hobukastani ekstrakt;
C05CA84;trokserutiin+heptaminool+hõlmikpuu standardiseeritud ekstrakt;
C05CA85;trokserutiin+hõlmikpuu standardiseeritud ekstrakt;
C05CX;Teised kapillaare stabiliseerivad ained;
C05CX80;viinamarja seemnete ekstrakt;
C05CX81;estsiin;
C05CX82;adenosiinfosfaat;
C07;BEETABLOKAATORID;
C07A;BEETABLOKAATORID;
C07AA;Mitteselektiivsed beetablokaatorid;
C07AA01;alprenolool;
C07AA02;oksprenolool;
C07AA03;pindolool;
C07AA05;propranolool;
C07AA06;timolool;
C07AA07;sotalool;
C07AA12;nadolool;
C07AA14;mepindolool;
C07AA15;karteolool;
C07AA16;tertatolool;
C07AA17;bopindolool;
C07AA19;bupranolool;
C07AA23;penbutolool;
C07AA27;kloranolool;
C07AB;Selektiivsed beetablokaatorid;
C07AB01;praktolool;
C07AB02;metoprolool;
C07AB03;atenolool;
C07AB04;atsebutolool;
C07AB05;betaksolool;
C07AB06;bevantolool;
C07AB07;bisoprolool;
C07AB08;tseliprolool;
C07AB09;esmolool;
C07AB10;epanolool;
C07AB12;nebivolool;
C07AB13;talinolool;
C07AB14;landiolool;
C07AG;Alfa- ja beetablokaatorid;
C07AG01;labetalool;
C07AG02;karvedilool;
C07B;BEETABLOKAATORID JA TIASIIDID;
C07BA;Mitteselektiivsed beetablokaatorid ja tiasiidid;
C07BB;Selektiivsed beetablokaatorid ja tiasiidid;
C07BB80;nebivolool+hüdroklorotiasiid;
C07BB81;bisoprolool+hüdroklorotiasiid;
C07BG;Alfa- ja beetablokaatorid ning tiasiidid;
C07C;BEETABLOKAATORID JA TEISED DIUREETIKUMID;
C07CA;Mitteselektiivsed beetablokaatorid ja teised diureetikumid;
C07CB;Selektiivsed beetablokaatorid ja teised diureetikumid;
C07CG;Alfa- ja beetablokaatorid ning teised diureetikumid;
C07D;BEETABLOKAATORID, TIASIIDID JA TEISED DIUREETIKUMID;
C07DA;Mitteselektiivsed beetablokaatorid, tiasiidid ja teised diureetikumid;
C07DB;Selektiivsed beetablokaatorid, tiasiidid ja teised diureetikumid;
C07E;BEETABLOKAATORID JA VASODILATAATORID;
C07EA;Mitteselektiivsed beetablokaatorid ja vasodilataatorid;
C07EB;Selektiivsed beetablokaatorid ja vasodilataatorid;
C07F;BEETABLOKAATORITE TEISED KOMBINATSIOONID;
C07FB;Beetablokaatorid ja kaltsiumikanali blokaatorid;
C07FB02;metoprolool+felodipiin;
C07FB07;bisoprolool+amlodipiin;
C07FB12;nebivolool+amlodipiin;
C07FX;Beetablokaatorite teised kombinatsioonid;
C07FX04;bisoprolool+atsetüülsalitsüülhape;
C07FX05;metoprolool+ivabradiin;
C08;KALTSIUMIKANALI BLOKAATORID;
C08C;PEAMISELT VASKULAARSE TOIMEGA SELEKTIIVSED KALTSIUMIKANALI BLOKAATORID;
C08CA;Dihüdropüridiini derivaadid;
C08CA01;amlodipiin;
C08CA02;felodipiin;
C08CA03;isradipiin;
C08CA04;nikardipiin;
C08CA05;nifedipiin;
C08CA06;nimodipiin;
C08CA07;nisoldipiin;
C08CA08;nitrendipiin;
C08CA09;latsidipiin;
C08CA10;nilvadipiin;
C08CA11;manidipiin;
C08CA12;barnidipiin;
C08CA13;lerkanidipiin;
C08CX;Teised peamiselt vaskulaarse toimega selektiivsed kaltsiumikanali blokaatorid;
C08CX01;mibefradiil;
C08D;OTSESE KARDIOLOOGILISE TOIMEGA SELEKTIIVSED KALTSIUMIKANALI BLOKAATORID;
C08DA;Fenüülalküülamiini derivaadid;
C08DA01;verapamiil;
C08DA02;gallopamiil;
C08DB;Bensotiasepiini derivaadid;
C08DB01;diltiaseem;
C08E;MITTESELEKTIIVSED KALTSIUMIKANALI BLOKAATORID;
C08EA;Fenüülalküülamiini derivaadid;
C08EA01;fendiliin;
C08EA02;bepridiil;
C08EX;Teised mitteselektiivsed kaltsiumikanali blokaatorid;
C08EX01;lidoflasiin;
C08EX02;perheksiliin;
C08G;KALTSIUMIKANALI BLOKAATORID JA DIUREETIKUMID;
C08GA;Kaltsiumikanali blokaatorid ja diureetikumid;
C08GA80;amlodipiin+indapamiid;
C09;RENIIN-ANGIOTENSIINSÜSTEEMI TOIMIVAD AINED;
C09A;ANGIOTENSIINI KONVERTEERIVA ENSÜÜMI INHIBIITORID;
C09AA;Angiotensiini konverteeriva ensüümi inhibiitorid;
C09AA01;kaptopriil;
C09AA02;enalapriil;
C09AA03;lisinopriil;
C09AA04;perindopriil;
C09AA05;ramipriil;
C09AA06;kvinapriil;
C09AA07;benasepriil;
C09AA08;tsilasapriil;
C09AA09;fosinopriil;
C09AA10;trandolapriil;
C09AA11;spirapriil;
C09AA12;delapriil;
C09AA13;moeksipriil;
C09AA15;zofenopriil;
C09AA16;imidapriil;
C09B;ANGIOTENSIINI KONVERTEERIVA ENSÜÜMI INHIBIITORITE KOMBINATSIOONID;
C09BA;Angiotensiini konverteeriva ensüümi inhibiitorid ja diureetikumid;
C09BA01;kaptopriil+hüdroklorotiasiid;
C09BA02;enalapriil+hüdroklorotiasiid;
C09BA03;lisinopriil+hüdroklorotiasiid;
C09BA04;perindopriil+indapamiid;
C09BA05;ramipriil+hüdroklorotiasiid;
C09BA06;kvinapriil+hüdroklorotiasiid;
C09BA08;tsilasapriil+hüdroklorotiasiid;
C09BA09;fosinopriil+hüdroklorotiasiid;
C09BA15;zofenopriil+hüdroklorotiasiid;
C09BB;Angiotensiini konverteeriva ensüümi inhibiitorid ja kaltsiumikanali blokaatorid;
C09BB02;enalapriil+lerkanidipiin;
C09BB03;lisinopriil+amlodipiin;
C09BB04;perindopriil+amlodipiin;
C09BB07;ramipriil+amlodipiin;
C09BB10;trandolapriil+verapamiil;
C09BX;Angiotensiini konverteeriva ensüümi inhibiitorite teised kombinatsioonid;
C09BX01;perindopriil+amlodipiin+indapamiid;
C09BX02;perindopriil+bisoprolool;
C09BX03;ramipriil+amlodipiin+hüdroklorotiasiid;
C09BX80;perindopriil+indapamiid+amlodipiin+bisoprolool;
C09C;ANGIOTENSIIN II RETSEPTORI BLOKAATORID (ARB);
C09CA;Angiotensiin II retseptori blokaatorid (ARB);
C09CA01;losartaan;
C09CA02;eprosartaan;
C09CA03;valsartaan;
C09CA04;irbesartaan;
C09CA05;tasosartaan;
C09CA06;kandesartaan;
C09CA07;telmisartaan;
C09CA08;olmesartaanmedoksomiil;
C09CA09;asilsartaanmedoksomiil;
C09D;ANGIOTENSIIN II RETSEPTORI BLOKAATORITE (ARB) KOMBINATSIOONID;
C09DA;Angiotensiin II retseptori blokaatorid (ARB) ja diureetikumid;
C09DA80;losartaan+hüdroklorotiasiid;
C09DA81;eprosartaan+hüdroklorotiasiid;
C09DA82;valsartaan+hüdroklorotiasiid;
C09DA83;irbesartaan+hüdroklorotiasiid;
C09DA84;kandesartaan+hüdroklorotiasiid;
C09DA85;telmisartaan+hüdroklorotiasiid;
C09DA86;olmesartaanmedoksomiil+hüdroklorotiasiid;
C09DA87;telmisartaan+indapamiid;
C09DA88;kandesartaan+indapamiid;
C09DB;Angiotensiin II retseptori blokaatorid (ARB) ja kaltsiumikanali blokaatorid;
C09DB01;valsartaan+amlodipiin;
C09DB02;olmesartaanmedoksomiil+amlodipiin;
C09DB04;telmisartaan+amlodipiin;
C09DB06;losartaan+amlodipiin;
C09DB07;kandesartaan+amlodipiin;
C09DX;Angiotensiin II retseptori blokaatorid (ARB), teised kombinatsioonid;
C09DX01;valsartaan+amlodipiin+hüdroklorotiasiid;
C09DX03;olmesartaanmedoksomiil+amlodipiin+hüdroklorotiasiid;
C09DX04;valsartaan+sakubitriil;
C09DX08;telmisartaan+amlodipiin+hüdroklorotiasiid;
C09X;TEISED RENIIN-ANGIOTENSIINSÜSTEEMI TOIMIVAD AINED;
C09XA;Reniini inhibiitorid;
C09XA01;remikireen;
C09XA02;aliskireen;
C09XA52;aliskireen+hüdroklorotiasiid;
C09XA53;aliskireen+amlodipiin;
C09XA54;aliskireen+amlodipiin+hüdroklorotiasiid;
C10;LIPIIDISISALDUST MUUTVAD AINED;
C10A;LIPIIDISISALDUST MUUTVAD AINED;
C10AA;HMG-CoA-reduktaasi inhibiitorid;
C10AA01;simvastatiin;
C10AA02;lovastatiin;
C10AA03;pravastatiin;
C10AA04;fluvastatiin;
C10AA05;atorvastatiin;
C10AA06;tserivastatiin;
C10AA07;rosuvastatiin;
C10AB;Fibraadid;
C10AB01;klofibraat;
C10AB02;besafibraat;
C10AB03;alumiiniumklofibraat;
C10AB04;gemfibrosiil;
C10AB05;fenofibraat;
C10AB06;simfibraat;
C10AB07;ronifibraat;
C10AB08;tsiprofibraat;
C10AB09;etofibraat;
C10AB10;klofibriid;
C10AC;Sapphappeid väljutavad ained;
C10AC01;kolestüramiin;
C10AC02;kolestipool;
C10AC03;kolekstraan;
C10AC04;kolesevelaam;
C10AD;Nikotiinhape ja selle derivaadid;
C10AD01;nitseritrool;
C10AD02;nikotiinhape;
C10AD03;nikofuranoos;
C10AD05;nikotinüülalkohol (püridüülkarbinool);
C10AD06;atsipimoks;
C10AD52;nikotiinhape+laropiprant;
C10AX;Teised lipiidisisaldust muutvad ained;
C10AX01;naatriumdekstrotüroksiin;
C10AX02;probukool;
C10AX03;tiadenool;
C10AX05;meglutool;
C10AX09;esetimiib;
C10AX10;alipogeentiparvovek;
C10AX12;lomitapiid;
C10AX13;evolokumab;
C10AX14;alirokumab;
C10AX15;bempeedhape;
C10AX16;inklisiraan;
C10AX17;evinakumab;
C10AX18;volanesorseen;
C10AX80;oomega-3-rasvhappe etüülestrid 90;
C10AX82;bempeedhape+esetimiib;
C10AX83;ikosapentetüül;
C10B;LIPIIDISISALDUST MUUTVATE AINETE KOMBINATSIOONID;
C10BA;Erinevate lipiidisisaldust muutvata ainete kombinatsioonid;
C10BA02;simvastatiin+esetimiib;
C10BA03;pravastatiin+fenofibraat;
C10BA04;simvastatiin+fenofibraat;
C10BA05;atorvastatiin+esetimiib;
C10BA06;rosuvastatiin+esetimiib;
C10BX;Lipiidisisaldust muutvate ainete kombinatsioonid teiste ainetega;
C10BX03;atorvastatiin+amlodipiin;
C10BX09;rosuvastatiin+amlodipiin;
C10BX10;rosuvastatiin+valsartaan;
C10BX11;atorvastatiin+amlodipiin+perindopriil;
C10BX13;rosuvastatiin+perindopriil+indapamiid;
C10BX14;rosuvastatiin+amlodipiin+perindopriil;
C10BX15;atorvastatiin+perindopriil;
D;DERMATOLOOGIAS KASUTATAVAD AINED;
D01;SEENEVASTASED AINED DERMATOLOOGILISEKS KASUTAMISEKS;
D01A;SEENEVASTASED AINED PAIKSEKS KASUTAMISEKS;
D01AA;Antibiootikumid;
D01AA01;nüstatiin;
D01AA03;hakimütsiin;
D01AA04;petsilotsiin;
D01AA06;mepartritsiin;
D01AA07;pürrolnitriin;
D01AA08;griseofulviin;
D01AC;Imidasooli ja triasooli derivaadid;
D01AC01;klotrimasool;
D01AC02;mikonasool;
D01AC03;ekonasool;
D01AC04;kloormidasool;
D01AC05;isokonasool;
D01AC06;tiabendasool;
D01AC07;tiokonasool;
D01AC08;ketokonasool;
D01AC09;sulkonasool;
D01AC10;bifonasool;
D01AC11;oksükonasool;
D01AC12;fentikonasool;
D01AC13;omokonasool;
D01AC20;imidasooli ja triasooli derivaatide kombinatsioonid kortikosteroididega;
D01AC80;isokonasool+diflukortoloon;
D01AC81;klotrimasool+heksamidiin;
D01AC82;klotrimasool+prednisoloon+heksamidiin;
D01AC83;mikonasool+masipredoon;
D01AE;Teised seenevastased ained paikseks kasutamiseks;
D01AE01;bromoklorosalitsüülaniliid;
D01AE02;metüülrosaniliiniumkloriid;
D01AE04;undetsüleenhape;
D01AE05;polünoksüliin;
D01AE07;kloorfenesiin;
D01AE08;tiklatoon;
D01AE09;sulbentiin;
D01AE11;haloprogiin;
D01AE12;salitsüülhape;
D01AE14;tsiklopiroks;
D01AE15;terbinafiin;
D01AE16;amorolfiin;
D01AE17;dimasool;
D01AE18;tolnaftaat;
D01AE19;toltsiklaat;
D01AE20;kombinatsioonid;
D01AE21;flutsütosiin;
D01AE22;naftifiin;
D01AE23;butenafiin;
D01AE80;kloronitrofenool;
D01B;SEENEVASTASED AINED SÜSTEEMSEKS KASUTAMISEKS;
D01BA;Seenevastased ained süsteemseks kasutamiseks;
D01BA01;griseofulviin;
D01BA02;terbinafiin;
D02;PEHMENDAVAD JA KAITSVAD AINED;
D02A;PEHMENDAVAD JA KAITSVAD AINED;
D02AA;Silikoonipreparaadid;
D02AB;Tsingiühendid;
D02AB80;tsinkoksiid;
D02AC;Vaseliini ja rasva preparaadid;
D02AD;Vedelad plaastrid;
D02AE;Karbamiidipreparaadid;
D02AE01;uurea;
D02AF;Salitsüülhappepreparaadid;
D02AF79;salitsüülhape;
D02AF80;salitsüülhape+uurea;
D02AF82;salitsüülhape+kamper;
D02AX;Teised pehmendavad ja kaitsvad ained;
D02AX80;bensalkooniumkloriid+kloorheksidiin+parafiin, vedel+isopropüülmüristaat;
D02B;UV-KIIRGUSE EEST KAITSVAD AINED;
D02BA;UV-kiirguse eest kaitsvad preparaadid paikseks kasutamiseks;
D02BA01;4-aminobensoehape;
D02BB;UV-kiirguse eest kaitsvad preparaadid süsteemseks kasutamiseks;
D02BB02;afamelanotiid;
D03;PREPARAADID HAAVADE JA HAAVANDITE RAVIKS;
D03A;ARMISTUMIST SOODUSTAVAD AINED;
D03AA;Tursamaksaõlisalvid;
D03AX;Teised armistumist soodustavad ained;
D03AX01;kadeksomeer;
D03AX02;dekstranomeer;
D03AX03;dekspantenool;
D03AX04;kaltsiumpantotenaat;
D03AX05;hüaluroonhape;
D03AX06;bekaplermiin;
D03AX13;kasetohuekstrakt;
D03AX81;naatriumhepariin+allantoiin+sibulaekstrakt;
D03AX82;vasika vere hemoderivaat, deproteiniseeritud;
D03AX83;dekspantenool+kloorheksidiin;
D03B;ENSÜÜMID;
D03BA;Proteolüütilised ensüümid;
D03BA01;trüpsiin;
D03BA02;kollagenaas;
D03BA03;bromelaiinid;
D03BA80;kollagenaas+klooramfenikool;
D04;SÜGELUSVASTASED AINED, K.A ANTIHISTAMIINSED AINED, ANESTEETIKUMID JT;
D04A;SÜGELUSVASTASED AINED, K.A ANTIHISTAMIINSED AINED, ANESTEETIKUMID JT;
D04AA;Antihistamiinsed ained paikseks kasutamiseks;
D04AA02;mepüramiin;
D04AA03;tenalidiin;
D04AA04;tripelennamiin;
D04AA09;kloropüramiin;
D04AA10;prometasiin;
D04AA12;tolpropamiin;
D04AA13;dimetindeen;
D04AA14;klemastiin;
D04AA15;bamipiin;
D04AA22;isotipendüül;
D04AA32;difenhüdramiin;
D04AA33;difenhüdramiinmetüülbromiid;
D04AA34;kloorfenoksamiin;
D04AB;Lokaalanesteetikumid;
D04AB01;lidokaiin;
D04AB02;tsinhokaiin;
D04AB03;oksübuprokaiin;
D04AB04;bensokaiin;
D04AB05;kinisokaiin;
D04AB06;tetrakaiin;
D04AX;Teised sügelusvastased ained;
D05;PSORIAASIVASTASED AINED;
D05A;PSORIAASIVASTASED AINED PAIKSEKS KASUTAMISEKS;
D05AA;Tõrvad;
D05AA80;kivisöe tõrv;
D05AA81;kivisöe tõrv+uurea+salitsüülhape;
D05AA82;tõrv+tsinkpüritioon;
D05AA83;kivisöe tõrv+allantoiin;
D05AA84;tõrv;
D05AA85;kivisöe tõrv+salitsüülhape;
D05AC;Antratseeni derivaadid;
D05AC01;ditranool;
D05AC80;ditranool+salitsüülhape;
D05AC81;ditranool+salitsüülhape+kivisöe tõrv;
D05AD;Psoraleenid paikseks kasutamiseks;
D05AD01;trioksüsaleen;
D05AD02;metoksaleen;
D05AX;Teised psoriaasivastased ained paikseks kasutamiseks;
D05AX02;kaltsipotriool;
D05AX03;kaltsitriool;
D05AX04;takaltsitool;
D05AX05;tasaroteen;
D05AX52;kaltsipotriooli kombinatsioonid;
D05AX80;kaltsipotriool+beetametasoon;
D05B;PSORIAASIVASTASED AINED SÜSTEEMSEKS KASUTAMISEKS;
D05BA;Psoraleenid süsteemseks kasutamiseks;
D05BA01;trioksüsaleen;
D05BA02;metoksaleen;
D05BA03;bergapteen;
D05BB;Retinoidid psoriaasi raviks;
D05BB01;etretinaat;
D05BB02;atsitretiin;
D05BX;Teised psoriaasivastased ained süsteemseks kasutamiseks;
D05BX80;dimetüülfumaraat;
D06;ANTIBIOOTIKUMID JA KEMOTERAPEUTIKUMID DERMATOLOOGILISEKS KASUTAMISEKS;
D06A;ANTIBIOOTIKUMID PAIKSEKS KASUTAMISEKS;
D06AA;Tetratsükliin ja selle derivaadid;
D06AA01;demeklotsükliin;
D06AA02;kloortetratsükliin;
D06AA03;oksütetratsükliin;
D06AA04;tetratsükliin;
D06AX;Teised antibiootikumid paikseks kasutamiseks;
D06AX01;fusidiinhape;
D06AX02;klooramfenikool;
D06AX04;neomütsiin;
D06AX05;batsitratsiin;
D06AX07;gentamütsiin;
D06AX08;türotritsiin;
D06AX09;mupirotsiin;
D06AX10;virginiamütsiin;
D06AX11;rifaksimiin;
D06AX12;amikatsiin;
D06AX13;retapamuliin;
D06AX80;batsitratsiin+neomütsiin;
D06AX81;batsitratsiin+neomütsiin+polümüksiin B;
D06AX82;batsitratsiin+polümüksiin B;
D06AX84;klooramfenikool+metüüluratsiil;
D06B;KEMOTERAPEUTIKUMID PAIKSEKS KASUTAMISEKS;
D06BA;Sulfoonamiidid;
D06BA01;hõbesulfadiasiin;
D06BA02;sulfatiasool;
D06BA03;mafeniid;
D06BA04;sulfametisool;
D06BA05;sulfaniilamiid;
D06BB;Viirusvastased ained;
D06BB01;idoksuridiin;
D06BB02;tromantadiin;
D06BB03;atsikloviir;
D06BB04;podofüllotoksiin;
D06BB05;inosiin;
D06BB06;pentsikloviir;
D06BB08;ibatsitabiin;
D06BB09;edoksudiin;
D06BB10;imikvimood;
D06BB11;dokosanool;
D06BB12;sinekatehhiinid;
D06BB81;atsikloviir+hüdrokortisoon;
D06BX;Teised kemoterapeutikumid;
D06BX01;metronidasool;
D06BX02;ingenoolmebutaat;
D06BX03;tirbanibuliin;
D06C;ANTIBIOOTIKUMIDE JA KEMOTERAPEUTIKUMIDE KOMBINATSIOONID;
D06CA;Antibiootikumide kombinatsioonid;
D07;KORTIKOSTEROIDID DERMATOLOOGILISEKS KASUTAMISEKS;
D07A;KORTIKOSTEROIDID;
D07AA;Nõrgad kortikosteroidid (I rühm);
D07AA01;metüülprednisoloon;
D07AA02;hüdrokortisoon;
D07AA03;prednisoloon;
D07AA80;masipredoon;
D07AB;Mõõduka tugevusega kortikosteroidid (II rühm);
D07AB01;klobetasoon;
D07AB02;hüdrokortisoonbutüraat;
D07AB03;flumetasoon;
D07AB04;fluokortiin;
D07AB05;fluperoloon;
D07AB06;fluorometoloon;
D07AB07;fluprednideen;
D07AB08;desoniid;
D07AB09;triamtsinoloon;
D07AB10;alklometasoon;
D07AB19;deksametasoon;
D07AB21;klokortoloon;
D07AB80;prednisoloon+kliokvinool;
D07AC;Tugevad kortikosteroidid (III rühm);
D07AC01;beetametasoon;
D07AC02;flukloroloonatsetoniid;
D07AC03;desoksimetasoon;
D07AC04;fluotsinoloonatsetoniid;
D07AC05;fluokortoloon;
D07AC06;diflukortoloon;
D07AC07;fludroksükortiid;
D07AC08;fluotsinoniid;
D07AC09;budesoniid;
D07AC10;diflorasoon;
D07AC11;amtsinoniid;
D07AC12;halometasoon;
D07AC13;mometasoon;
D07AC14;metüülprednisoloonatseponaat;
D07AC15;beklometasoon;
D07AC16;hüdrokortisoonatseponaat;
D07AC17;flutikasoon;
D07AC18;prednikarbaat;
D07AC19;difluprednaat;
D07AC21;ulobetasool;
D07AD;Väga tugevad kortikosteroidid (IV rühm);
D07AD01;klobetasool;
D07AD02;haltsinoniid;
D07B;KORTIKOSTEROIDIDE JA ANTISEPTILISTE AINETE KOMBINATSIOONID;
D07BA;Kortikosteroidid, nõrgad, kombinatsioonid antiseptiliste ainetega;
D07BA04;hüdrokortisoon+antiseptiline aine;
D07BA80;hüdrokortisoon+kloorheksidiin;
D07BB;Kortikosteroidid, mõõduka tugevusega, kombinatsioonid antiseptiliste ainetega;
D07BB80;flumetasoon+salitsüülhape;
D07BB81;triamtsinoloon+ekonasool;
D07BB83;flumetasoon+kliokvinool;
D07BC;Kortikosteroidid, tugevad, kombinatsioonid antiseptiliste ainetega;
D07BC01;beetametasoon+antiseptiline aine;
D07BC80;beetametasoon+salitsüülhape;
D07BD;Kortikosteroidid, väga tugevad, kombinatsioonid antiseptiliste ainetega;
D07C;KORTIKOSTEROIDIDE JA ANTIBIOOTIKUMIDE KOMBINATSIOONID;
D07CA;Korikosteroidid, nõrgad, kombinatsioonid antibiootikumidega;
D07CA01;hüdrokortisoon+antibiootikum;
D07CA80;prednisoloon+neomütsiin;
D07CA81;hüdrokortisoon+oksütetratsükliin;
D07CA83;hüdrokortisoon+fusidiinhape;
D07CA84;hüdrokortisoon+neomütsiin+natamütsiin;
D07CB;Kortikosteroidid, mõõduka tugevusega, kombinatsioonid antibiootikumidega;
D07CB80;triamtsinoloon+tetratsükliin;
D07CC;Kortikosteroidid, tugevad, kombinatsioonid antibiootikumidega;
D07CC01;beetametasoon+antibiootikum;
D07CC80;beetametasoon+fusidiinhape;
D07CC81;beetametasoon+neomütsiin;
D07CC82;fluotsinoloonatsetoniid+neomütsiin;
D07CC83;beetametasoon+gentamütsiin;
D07CD;Kortikosteroidid, väga tugevad, kombinatsioonid antibiootikumidega;
D07X;KORTIKOSTEROIDIDE TEISED KOMBINATSIOONID;
D07XA;Kortikosteroidid, nõrgad, teised kombinatsioonid;
D07XA02;prednisolooni kombinatsioonid;
D07XA80;hüdrokortisoon+kivisöe tõrv+allantoiin;
D07XA81;prednisoloon+salitsüülhape;
D07XA83;prednisoloon+östradiool+salitsüülhape;
D07XB;Kortikosteroidid, mõõduka tugevusega, teised kombinatsioonid;
D07XB80;flumetasoon+salitsüülhape;
D07XC;Kortikosteroidid, tugevad, teised kombinatsioonid;
D07XC01;beetametasoon+klotrimasool+gentamütsiin;
D07XC03;mometasoon+salitsüülhape;
D07XD;Kortikosteroidid, väga tugevad, teised kombinatsioonid;
D07XD80;haltsinoniid+uurea;
D07XD81;haltsinoniid+salitsüülhape;
D08;ANTISEPTILISED JA DESINFITSEERIVAD AINED;
D08A;ANTISEPTILISED JA DESINFITSEERIVAD AINED;
D08AA;Akridiini derivaadid;
D08AA01;etakridiinlaktaat;
D08AA02;aminoakridiin;
D08AB;Alumiiniumiühendid;
D08AC;Biguaniidid ja amidiinid;
D08AC01;dibrompropamidiin;
D08AC02;kloorheksidiin;
D08AC03;propamidiin;
D08AC04;heksamidiin;
D08AC05;poliheksaniid;
D08AC80;kloorheksidiin+isopropüülalkohol;
D08AD;Boorhappepreparaadid;
D08AE;Fenool ja selle derivaadid;
D08AE01;heksaklorofeen;
D08AE02;polikresuleen;
D08AE04;triklosaan;
D08AE05;kloroksülenool;
D08AE80;heksaklorofeen+östradiool;
D08AF;Nitrofuraani derivaadid;
D08AF01;nitrofuraal;
D08AG;Joodipreparaadid;
D08AG02;joodpovidoon;
D08AG03;jood;
D08AH;Kinoliini derivaadid;
D08AH01;dekvaliin;
D08AH02;kloorkvinaldool;
D08AH30;kliokvinool;
D08AJ;Kvaternaarsed ammooniumiühendid;
D08AJ01;bensalkooniumkloriid;
D08AJ02;tsetrimooniumbromiid;
D08AJ03;tsetüülpüridiinkloriid;
D08AJ04;tsetrimiid;
D08AJ05;bensoksooniumkloriid;
D08AJ81;oktenidiin+fenoksüetanool;
D08AK;Elavhõbedaühendid;
D08AK02;fenüülelavhõbeboraat;
D08AK05;elavhõbe, metalne;
D08AK06;tiomersaal;
D08AL;Hõbedaühendid;
D08AL01;hõbenitraat;
D08AX;Teised antiseptilised ja desinfitseerivad ained;
D08AX01;vesinikperoksiidilahus;
D08AX03;propanool;
D08AX04;naatriumtosüülklooramiid;
D08AX05;isopropüülalkohol;
D08AX82;tõrv+riitsinusõli+kseroform;
D08AX83;briljantroheline;
D08AX84;bensalkooniumkloriid+kloorheksidiin;
D09;RAVIMSIDUMISMATERJAL;
D09A;RAVIMSIDUMISMATERJAL;
D09AA;Infektsioonivastaste ainetega ravimsidumismaterjalid;
D09AA01;framütsetiin;
D09AA02;fusidiinhape;
D09AA03;nitrofuraal;
D09AA04;fenüülelavhõbenitraat;
D09AA05;bensododetsiinkloriid;
D09AA06;triklosaan;
D09AA07;tsetüülpüridiinkloriid;
D09AA08;alumiiniumklorohüdraat;
D09AA09;joodpovidoon;
D09AA10;kliokvinool;
D09AA11;bensalkooniumkloriid;
D09AA12;kloorheksidiin;
D09AB;Tsinki sisaldav haavaside;
D09AX;Vaseliiniga sidumismaterjal;
D10;AKNEVASTASED PREPARAADID;
D10A;AKNEVASTASED PREPARAADID PAIKSEKS KASUTAMISEKS;
D10AA;Kortikosteroidide kombinatsioonid akne raviks;
D10AA01;fluorometoloon;
D10AA02;metüülprednisoloon;
D10AA03;deksametasoon;
D10AB;Väävlit sisaldavad preparaadid;
D10AB01;bitionool;
D10AB02;väävel;
D10AB03;tioksoloon;
D10AB05;mesulfeen;
D10AD;Retinoidid akne paikseks raviks;
D10AD01;tretinoiin;
D10AD02;retinool;
D10AD03;adapaleen;
D10AD04;isotretinoiin;
D10AD05;motretiniid;
D10AD06;trifaroteen;
D10AD53;adapaleeni kombinatsioonid;
D10AD80;adapaleen+bensoüülperoksiid;
D10AD81;tretinoiin+erütromütsiin;
D10AE;Peroksiidid;
D10AE01;bensoüülperoksiid;
D10AF;Infektsioonivastased ained akne raviks;
D10AF01;klindamütsiin;
D10AF02;erütromütsiin;
D10AF03;klooramfenikool;
D10AF04;meklotsükliin;
D10AF51;klindamütsiini kombinatsioonid;
D10AF80;erütromütsiin+bensoüülperoksiid;
D10AF81;klindamütsiin+bensoüülperoksiid;
D10AF82;klindamütsiin+tretinoiin;
D10AX;Teised aknevastased preparaadid paikseks kasutamiseks;
D10AX01;alumiiniumkloriid;
D10AX02;resortsinool;
D10AX03;aselaiinhape;
D10AX04;alumiiniumoksiid;
D10B;AKNEVASTASED PREPARAADID SÜSTEEMSEKS KASUTAMISEKS;
D10BA;Retinoidid akne raviks;
D10BA01;isotretinoiin;
D10BX;Teised aknevastased preparaadid süsteemseks kasutamiseks;
D11;TEISED DERMATOLOOGILISED PREPARAADID;
D11A;TEISED DERMATOLOOGILISED PREPARAADID;
D11AA;Higistamisvastased ained;
D11AA01;glükopürroonium;
D11AC;Raviðampoonid;
D11AC01;tsetrimiid;
D11AC06;joodpovidoon;
D11AC09;ksenüsalaat;
D11AE;Androgeenid paikseks kasutamiseks;
D11AE01;metandienoon;
D11AF;Soolatüüka- ja konnasilmavastased preparaadid;
D11AF80;salitsüülhape+piimhape;
D11AH;Dermatiidi raviks kasutatavad ained, v.a. kortikosteroidid;
D11AH01;takroliimus;
D11AH02;pimekroliimus;
D11AH04;alitretinoiin;
D11AH05;dupilumab;
D11AH06;krisaborool;
D11AH07;tralokinumab;
D11AH08;abrotsitiniib;
D11AH09;ruksolitiniib;
D11AX;Teised dermatoloogilised preparaadid;
D11AX01;minoksidiil;
D11AX02;gamoleenhape;
D11AX03;kaltsiumglükonaat;
D11AX04;liitium;
D11AX05;magneesiumsulfaat;
D11AX06;mekvinool;
D11AX08;tiratrikool;
D11AX09;oksatseprool;
D11AX10;finasteriid;
D11AX12;tsinkpüritioon;
D11AX16;eflornitiin;
D11AX18;diklofenak;
D11AX21;brimonidiin;
D11AX22;ivermektiin;
D11AX24;deoksükoolhape;
D11AX82;hüdrokinoon+fluotsinoloonatsetoniid+tretinoiin;
G;UROGENITAALSÜSTEEM JA SUGUHORMOONID;
G01;GÜNEKOLOOGIAS KASUTATAVAD ANTISEPTILISED JA INFEKTSIOONIVASTASED AINED;
G01A;INFEKTSIOONIVASTASTE JA ANTISEPTILISTE AINETE KOMBINATSIOONID, V.A KORTIKOSTEROIDIDEGA;
G01AA;Antibiootikumid;
G01AA01;nüstatiin;
G01AA02;natamütsiin;
G01AA03;amfoteritsiin;
G01AA04;kanditsidiin;
G01AA05;klooramfenikool;
G01AA06;hakimütsiin;
G01AA07;oksütetratsükliin;
G01AA08;karfetsilliin;
G01AA10;klindamütsiin;
G01AA80;nüstatiin+neomütsiin+polümüksiin B;
G01AB;Arseeniühendid;
G01AB01;atsetarsool;
G01AC;Kinoliini derivaadid;
G01AC01;dijodohüdroksükinoliin;
G01AC02;kliokvinool;
G01AC03;kloorkvinaldool;
G01AC05;dekvaliin;
G01AC06;broksükinoliin;
G01AC80;kloorkvinaldool+promestrieen;
G01AD;Orgaanilised happed;
G01AD01;piimhape;
G01AD02;jää-äädikhape;
G01AD80;piimhape+naatriumlaktaat;
G01AE;Sulfoonamiidid;
G01AE01;sulfatolamiid;
G01AF;Imidasooli derivaadid;
G01AF01;metronidasool;
G01AF02;klotrimasool;
G01AF04;mikonasool;
G01AF05;ekonasool;
G01AF06;ornidasool;
G01AF07;isokonasool;
G01AF08;tiokonasool;
G01AF11;ketokonasool;
G01AF12;fentikonasool;
G01AF13;asanidasool;
G01AF14;propenidasool;
G01AF15;butokonasool;
G01AF16;omokonasool;
G01AF17;oksükonasool;
G01AF19;sertakonasool;
G01AF80;metronidasool+mikonasool;
G01AG;Triasooli derivaadid;
G01AG02;terkonasool;
G01AX;Teised infektsioonivastased ja antiseptilised ained;
G01AX01;klodantoiin;
G01AX02;inosiin;
G01AX03;polikresuleen;
G01AX05;nifurateel;
G01AX06;furasolidoon;
G01AX09;metüülrosaniliiniumkloriid;
G01AX11;joodpovidoon;
G01AX12;tsiklopiroks;
G01AX13;protiofaat;
G01AX14;laktobatsillid;
G01B;INFEKTSIOONIVASTASTE JA ANTISEPTILISTE AINETE KOMBINATSIOONID KORTIKOSTEROIDIDEGA;
G01BA;Antibiootikumid ja kortikosteroidid;
G01BC;Kinoliini derivaadid ja kortikosteroidid;
G01BD;Antiseptilised ained ja kortikosteroidid;
G01BE;Sulfoonamiidid ja kortikosteroidid;
G01BF;Imidasooli derivaadid ja kortikosteroidid;
G02;TEISED GÜNEKOLOOGIAS KASUTATAVAD AINED;
G02A;EMAKA LIHASTOONUST TÕSTVAD AINED;
G02AB;Tungaltera alkaloidid;
G02AB01;metüülergometriin;
G02AB03;ergometriin;
G02AC;Tungaltera alkaloidide ja oksütotsiini (k.a selle analoogide) kombinatsioonid;
G02AD;Prostaglandiinid;
G02AD01;dinoprost;
G02AD02;dinoprostoon;
G02AD03;gemeprost;
G02AD04;karboprost;
G02AD05;sulprostoon;
G02AD06;misoprostool;
G02AX;Teised emaka lihastoonust tõstvad ained;
G02B;PAIKSELT KASUTATAVAD KONTRATSEPTIIVID;
G02BA;Emakasisesed kontratseptiivid;
G02BA01;plastist emakasisene vahend;
G02BA02;plastist emakasisene vahend vasega;
G02BA03;levonorgestreel;
G02BB;Vaginaalsed kontratseptiivid;
G02BB01;etonogestreel+etünüülöstradiool;
G02BB80;nonoksinool;
G02BB81;bensalkooniumkloriid;
G02C;TEISED GÜNEKOLOOGIAS KASUTATAVAD AINED;
G02CA;Sünnitegevust pärssivad sümpatomimeetikumid;
G02CA01;ritodriin;
G02CA02;bufeniin;
G02CA03;fenoterool;
G02CA80;heksoprenaliin;
G02CB;Prolaktiini inhibiitorid;
G02CB01;bromokriptiin;
G02CB02;lisuriid;
G02CB03;kabergoliin;
G02CB04;kvinagoliid;
G02CB05;metergoliin;
G02CC;Põletikuvastased ained vaginaalseks kasutamiseks;
G02CC01;ibuprofeen;
G02CC02;naprokseen;
G02CC03;bensüdamiin;
G02CC04;flunoksaprofeen;
G02CX;Teised günekoloogilised preparaadid;
G02CX01;atosibaan;
G02CX03;mungapipravili;
G02CX04;lursslillejuurikas;
G02CX81;sojaisoflavoonid;
G02CX83;lämmastikhape+oksaalhape+tsinknitraat;
G03;SUGUHORMOONID JA GENITAALSÜSTEEMI MODULAATORID;
G03A;HORMONAALSED KONTRATSEPTIIVID SÜSTEEMSEKS KASUTAMISEKS;
G03AA;Gestageenide ja östrogeenide fikseeritud kombinatsioonid;
G03AA03;lünöstrenool;
G03AA05;noretisteroon+etünüülöstradiool;
G03AA07;levonorgestreel+etünüülöstradiool;
G03AA09;desogestreel+etünüülöstradiool;
G03AA10;gestodeen+etünüülöstradiool;
G03AA11;norgestimaat+etünüülöstradiool;
G03AA12;drospirenoon+etünüülöstradiool;
G03AA13;norelgestromiin+etünüülöstradiool;
G03AA14;nomegestrool+östradiool;
G03AA15;kloormadinoon+etünüülöstradiool;
G03AA16;dienogest+etünüülöstradiool;
G03AA18;drospirenoon+estetrool;
G03AA82;drospirenoon+etünüülöstradiool+kaltsiumlevomefolaat;
G03AA83;dienogest+östradioolvaleraat;
G03AB;Gestageenide ja östrogeenide muutuvad kombinatsioonid;
G03AB02;lünöstrenool+etünüülöstradiool;
G03AB03;levonorgestreel+etünüülöstradiool;
G03AB04;noretisteroon+etünüülöstradiool;
G03AB05;desogestreel+etünüülöstradiool;
G03AB06;gestodeen+etünüülöstradiool;
G03AB08;dienogest+östradioolvaleraat;
G03AC;Gestageenid;
G03AC01;noretisteroon;
G03AC02;lünöstrenool;
G03AC03;levonorgestreel;
G03AC04;kvingestanool;
G03AC05;megestrool;
G03AC06;medroksüprogesteroon;
G03AC07;norgestrienoon;
G03AC08;etonogestreel;
G03AC09;desogestreel;
G03AC10;drospirenoon;
G03AD;Hädaabi kontratseptiivid;
G03AD01;levonorgestreel;
G03AD02;ulipristaal;
G03B;ANDROGEENID;
G03BA;3-oksoandrosteen-4-derivaadid;
G03BA01;fluoksümesteroon;
G03BA02;metüültestosteroon;
G03BA03;testosteroon;
G03BB;5-androstanoon-3-derivaadid;
G03BB01;mesteroloon;
G03BB02;androstanoloon;
G03C;ÖSTROGEENID;
G03CA;Looduslikud ja poolsünteetilised östrogeenid;
G03CA01;etünüülöstradiool;
G03CA03;östradiool;
G03CA04;östriool;
G03CA06;klorotrianiseen;
G03CA07;östroon;
G03CA09;promestrieen;
G03CA57;konjugeeritud östrogeenid;
G03CA80;östradiool+prednisoloon;
G03CB;Sünteetilised östrogeenid;
G03CB01;dienestrool;
G03CB02;dietüülstilböstrool;
G03CB03;metallenöstriil;
G03CB04;moksestrool;
G03CC;Östrogeenide kombinatsioonid teiste ainetega;
G03CC07;konjugeeritud östrogeenid+basedoksifeen;
G03CX;Teised östrogeenid;
G03CX01;tiboloon;
G03D;GESTAGEENID;
G03DA;Pregneen-4-derivaadid;
G03DA01;gestonoroonkaproaat;
G03DA02;medroksüprogesteroon;
G03DA03;hüdroksüprogesteroon;
G03DA04;progesteroon;
G03DB;Pregnadieeni derivaadid;
G03DB01;düdrogesteroon;
G03DB02;megestrool;
G03DB03;medrogestoon;
G03DB04;nomegestrool;
G03DB05;demegestoon;
G03DB06;kloormadinoon;
G03DB07;promegestoon;
G03DB08;dienogest;
G03DC;Östreeni derivaadid;
G03DC01;allüülöstrenool;
G03DC02;noretisteroon;
G03DC03;lünöstrenool;
G03DC04;etisteroon;
G03DC06;etünodiool;
G03DX;Nortestosterooni derivaadid;
G03E;ANDROGEENIDE JA NAISSUGUHORMOONIDE KOMBINATSIOONID;
G03EA;Androgeenid ja östrogeenid;
G03EA80;prasteroon+östradiool;
G03EB;Androgeenide, gestageenide ja östrogeenide kombinatsioonid;
G03EK;Androgeenide ja naissuguhormoonide kombinatsioonid teiste ainetega;
G03EK01;metüültestosteroon;
G03F;GESTAGEENIDE JA ÖSTROGEENIDE KOMBINATSIOONID;
G03FA;Gestageenide ja östrogeenide fikseeritud kombinatsioonid;
G03FA01;noretisteroon+östradiool;
G03FA04;progesteroon+östradiool;
G03FA10;norgestreel+östrogeen;
G03FA11;levonorgestreel+östrogeen;
G03FA12;medroksüprogesteroon+konjugeeritud östrogeenid;
G03FA14;düdrogesteroon+östradiool;
G03FA15;dienogest+östradiool;
G03FA16;trimegestoon+östradiool;
G03FA17;drospirenoon+östradiool;
G03FA80;medroksüprogesteroon+östradiool;
G03FB;Gestageenide ja östrogeenide muutuvad kombinatsioonid;
G03FB05;noretisteroon+östradiool;
G03FB06;medroksüprogesteroon+östrogeen;
G03FB08;düdrogesteroon+östradiool;
G03FB09;levonorgestreel+östradiool;
G03FB80;medroksüprogesteroon+konjugeeritud östrogeenid;
G03G;GONADOTROPIINID JA TEISED OVULATSIOONI STIMULEERIVAD AINED;
G03GA;Gonadotropiinid;
G03GA01;kooriongonadotropiin;
G03GA02;menopausaalne humaangonadotropiin;
G03GA03;seerumgonadotropiin;
G03GA04;urofollitropiin;
G03GA05;alfafollitropiin;
G03GA06;beetafollitropiin;
G03GA07;alfalutropiin;
G03GA08;alfakooriongonadotropiin;
G03GA09;alfakorifollitropiin;
G03GA10;deltafollitropiin;
G03GA30;alfafollitropiin+alfalutropiin;
G03GB;Sünteetilised ovulatsiooni stimuleerivad ained;
G03GB01;tsüklofeniil;
G03GB02;klomifeen;
G03GB03;epimestrool;
G03H;ANTIANDROGEENID;
G03HA;Antiandrogeenid;
G03HA01;tsüproteroon;
G03HB;Antiandrogeenid ja östrogeenid;
G03HB01;tsüproteroon+östrogeen;
G03X;TEISED SUGUHORMOONID JA GENITAALSÜSTEEMI MODULAATORID;
G03XA;Antigonadotropiinid ja sarnased ained;
G03XA01;danasool;
G03XA02;gestrinoon;
G03XB;Progesterooniretseptorite modulaatorid;
G03XB01;mifepristoon;
G03XB02;ulipristaal;
G03XB81;mifepristoon+misoprostool;
G03XC;Selektiivsed östrogeeni retseptorite modulaatorid;
G03XC01;raloksifeen;
G03XC02;basedoksifeen;
G03XC03;lasofoksifeen;
G03XC05;ospemifeen;
G03XX;Teised suguhormoonid ja genitaalsüsteemi modulaatorid;
G03XX01;prasteroon;
G04;UROLOOGIAS KASUTATAVAD AINED;
G04B;UROLOOGIAS KASUTATAVAD AINED;
G04BA;Happesuse reguleerijad;
G04BA01;ammooniumkloriid;
G04BA03;kaltsiumkloriid;
G04BC;Neerukivide lahustajad;
G04BC80;Lespedesa capita ekstrakt;
G04BC81;naatriumtsitraat+kaaliumvesinikkarbonaat+sidrunhape;
G04BD;Sagekusesuse ning kusepidamatuse raviks kasutatavad ained;
G04BD01;emeprooniumbromid;
G04BD02;flavoksaat;
G04BD03;meladrasiin;
G04BD04;oksübutüniin;
G04BD05;terodiliin;
G04BD06;propiveriin;
G04BD07;tolterodiin;
G04BD08;solifenatsiin;
G04BD09;trospiumkloriid;
G04BD10;darifenatsiin;
G04BD11;fesoterodiin;
G04BD12;mirabegroon;
G04BE;Erektsioonihäirete korral kasutatavad ained;
G04BE01;alprostadiil;
G04BE02;papaveriinvesinikkloriid;
G04BE03;sildenafiil;
G04BE04;johimbiinhape;
G04BE07;apomorfiin;
G04BE08;tadalafiil;
G04BE09;vardenafiil;
G04BE10;avanafiil;
G04BX;Teised uroloogias kasutatavad ained;
G04BX03;atsetohüdroksaamhape;
G04BX06;fenasopüridiin;
G04BX10;suktsiinimiid;
G04BX11;kollageen;
G04BX14;dapoksetiin;
G04BX15;naatriumpentosaanpolüsulfaat;
G04BX16;tioproniin;
G04BX80;maasapiürt+leeskputkejuur+rosmariinileht;
G04BX90;prostata ekstrakt;
G04C;EESNÄÄRME HEALOOMULISE HÜPERTROOFIA KORRAL KASUTATAVAD AINED;
G04CA;Alfaadrenoretseptorite antagonistid;
G04CA01;alfusosiin;
G04CA02;tamsulosiin;
G04CA03;terasosiin;
G04CA04;silodosiin;
G04CA52;tamsulosiin+dutasteriid;
G04CA53;tamsulosiin+solifenatsiin;
G04CB;Testosteroon-5-alfareduktaasi inhibiitorid;
G04CB01;finasteriid;
G04CB02;dutasteriid;
G04CB51;finasteriid+tadalafiil;
G04CB80;finasteriid+tamsulosiin;
G04CX;Teised eesnäärme healoomulise hüpertroofia korral kasutatavad ained;
G04CX02;serenoapalmiviljad;
G04CX03;mepartritsiin;
H;SÜSTEEMSED HORMOONPREPARAADID, V.A SUGUHORMOONID JA INSULIINID;
H01;HÜPOFÜÜSI JA HÜPOTALAMUSE HORMOONID JA NENDE ANALOOGID;
H01A;HÜPOFÜÜSI EESSAGARA HORMOONID JA NENDE ANALOOGID;
H01AA;Adrenokortikotroopne hormoon (AKTH);
H01AA01;kortikotropiin;
H01AA02;tetrakosaktiid;
H01AB;Türeotropiin;
H01AB01;alfatüreotropiin;
H01AC;Somatotropiin ja selle agonistid;
H01AC01;somatropiin;
H01AC02;somatreem;
H01AC03;mekasermiin;
H01AC04;sermoreliin;
H01AC07;somapatsitaan;
H01AC08;somatrogoon;
H01AC09;lonapegsomatropiin;
H01AX;Teised hüpofüüsi eessagara hormoonid ja nende analoogid;
H01AX01;pegvisomant;
H01B;HÜPOFÜÜSI TAGASAGARA HORMOONID;
H01BA;Vasopressiin ja selle analoogid;
H01BA01;argipressiin;
H01BA02;desmopressiin;
H01BA03;lüpressiin;
H01BA04;terlipressiin;
H01BA05;ornipressiin;
H01BB;Oksütotsiin ja selle analoogid;
H01BB01;demoksütotsiin;
H01BB02;oksütotsiin;
H01BB03;karbetotsiin;
H01C;HÜPOTALAMUSE HORMOONID;
H01CA;Gonadotropiini vabastavad hormoonid;
H01CA01;gonadoreliin;
H01CA02;nafareliin;
H01CB;Somatostatiin ja selle analoogid;
H01CB01;somatostatiin;
H01CB02;oktreotiid;
H01CB03;lanreotiid;
H01CB05;pasireotiid;
H01CC;Antigonadotropiini vabastavad hormoonid;
H01CC01;ganireliks;
H01CC02;tsetroreliks;
H01CC04;linsagoliks;
H01CC54;relugoliks+östradiool+noretisteroon;
H02;KORTIKOSTEROIDID SÜSTEEMSEKS KASUTAMISEKS;
H02A;KORTIKOSTEROIDID SÜSTEEMSEKS KASUTAMISEKS;
H02AA;Mineralokortikoidid;
H02AA01;aldosteroon;
H02AA02;fludrokortisoon;
H02AA03;desoksükortoon;
H02AB;Glükokortikoidid;
H02AB01;beetametasoon;
H02AB02;deksametasoon;
H02AB03;fluokortoloon;
H02AB04;metüülprednisoloon;
H02AB05;parametasoon;
H02AB06;prednisoloon;
H02AB07;prednisoon;
H02AB08;triamtsinoloon;
H02AB09;hüdrokortisoon;
H02AB10;kortisoon;
H02AB11;prednülideen;
H02AB12;rimeksoolon;
H02AB13;deflasakort;
H02AB14;kloprednool;
H02AB15;meprednisoon;
H02AB17;kortivasool;
H02AB81;masipredoon;
H02B;KORTIKOSTEROIDIDE KOMBINATSIOONID SÜSTEEMSEKS KASUTAMISEKS;
H02BX;Kortikosteroidide kombinatsioonid süsteemseks kasutamiseks;
H02BX80;hüdrokortisoon+lidokaiin;
H02BX81;metüülprednisoloon+bupivakaiin;
H02C;NEERUPEALISE TALITLUST PÄRSSIVAD PREPARAADID;
H02CA;Antikortikosteroidid;
H02CA01;trilostaan;
H02CA02;osilodrostaat;
H03;KILPNÄÄRME RAVI;
H03A;KILPNÄÄRME PREPARAADID;
H03AA;Kilpnäärme hormoonid;
H03AA01;naatriumlevotüroksiin;
H03AA02;liotüroniin;
H03AA03;naatriumlevotüroksiin+liotüroniin;
H03AA04;tiratrikool;
H03AA05;kilpnäärme preparaadid;
H03B;KILPNÄÄRME TALITLUST PÄRSSIVAD PREPARAADID;
H03BA;Tiouratsiilid;
H03BA01;metüültiouratsiil;
H03BA02;propüültiouratsiil;
H03BA03;bensüültiouratsiil;
H03BB;Väävlit sisaldavad imidasooli derivaadid;
H03BB01;karbimasool;
H03BB02;tiamasool;
H03BC;Perkloraadid;
H03BC01;naatriumperkloraat;
H03BX;Teised kilpnäärme talitlust pärssivad preparaadid;
H03C;JOODRAVI;
H03CA;Joodravi;
H03CA80;kaaliumjodiid;
H04;PANKREASE HORMOONID;
H04A;GLÜKOGENOLÜÜTILISED HORMOONID;
H04AA;Glükogenolüütilised hormoonid;
H04AA01;glükagoon;
H05;KALTSIUMI HOMÖOSTAAS;
H05A;KÕRVALKILPNÄÄRME HORMOONID JA NENDE ANALOOGID;
H05AA;Kõrvalkilpnäärme hormoonid ja nende analoogid;
H05AA02;teriparatiid;
H05AA03;parathormoon;
H05AA04;abaloparatiid;
H05B;KÕRVALKILPNÄÄRME TALITLUST PÄRSSIVAD AINED;
H05BA;Kaltsitoniinipreparaadid;
H05BA01;lõhekaltsitoniin, sünteetiline;
H05BA04;elkatoniin;
H05BX;Teised kõrvalkilpnäärme talitlust pärssivad ained;
H05BX01;tsinakaltseet;
H05BX02;parikaltsitool;
H05BX04;etelkaltsetiid;
J;INFEKTSIOONIVASTASED AINED SÜSTEEMSEKS KASUTAMISEKS;
J01;ANTIBAKTERIAALSED AINED SÜSTEEMSEKS KASUTAMISEKS;
J01A;TETRATSÜKLIINID;
J01AA;Tetratsükliinid;
J01AA01;demeklotsükliin;
J01AA02;doksütsükliin;
J01AA03;kloortetratsükliin;
J01AA04;lümetsükliin;
J01AA05;metatsükliin;
J01AA06;oksütetratsükliin;
J01AA07;tetratsükliin;
J01AA08;minotsükliin;
J01AA09;rolitetratsükliin;
J01AA10;penimepitsükliin;
J01AA11;klomotsükliin;
J01AA12;tigetsükliin;
J01AA13;eravatsükliin;
J01B;AMFENIKOOLID;
J01BA;Amfenikoolid;
J01BA01;klooramfenikool;
J01BA02;tiamfenikool;
J01C;BEETALAKTAAMANTIBIOOTIKUMID, PENITSILLIINID;
J01CA;Laia toimespektriga penitsilliinid;
J01CA01;ampitsilliin;
J01CA02;pivampitsilliin;
J01CA03;karbenitsilliin;
J01CA04;amoksitsilliin;
J01CA05;karindatsilliin;
J01CA06;bakampitsilliin;
J01CA07;epitsilliin;
J01CA08;pivmetsillinaam;
J01CA09;aslotsilliin;
J01CA10;meslotsilliin;
J01CA11;metsillinaam;
J01CA12;piperatsilliin;
J01CA13;tikartsilliin;
J01CA14;metampitsilliin;
J01CA15;talampitsilliin;
J01CA16;sulbenitsilliin;
J01CA17;temotsilliin;
J01CA18;hetatsilliin;
J01CA80;ampitsilliin+oksatsilliin;
J01CE;Beetalaktamaastundlikud penitsilliinid;
J01CE01;bensüülpenitsilliin;
J01CE02;fenoksümetüülpenitsilliin;
J01CE03;propitsilliin;
J01CE04;asidotsilliin;
J01CE05;fenetitsilliin;
J01CE06;penametsilliin;
J01CE07;klometotsilliin;
J01CE08;bensatiinbensüülpenitsilliin;
J01CE09;prokaiinbensüülpenitsilliin;
J01CE10;bensatiinfenoksümetüülpenitsilliin;
J01CE30;bensüülpenitsilliin+prokaiinbensüülpenitsilliin;
J01CE80;bensatiinbensüülpenitsilliin+prokaiinbensüülpenitsilliin;
J01CF;Beetalaktamaasresistentsed penitsilliinid;
J01CF01;dikloksatsilliin;
J01CF02;kloksatsilliin;
J01CF03;metitsilliin;
J01CF04;oksatsilliin;
J01CF05;flukloksatsilliin;
J01CG;Beetalaktamaasi inhibiitorid;
J01CG01;sulbaktaam;
J01CG02;tasobaktaam;
J01CR;Penitsilliinide kombinatsioonid, k.a beetalaktamaasi inhibiitorid;
J01CR01;ampitsilliin+sulbaktaam;
J01CR02;amoksitsilliin+klavulaanhape;
J01CR04;sultamitsilliin;
J01CR05;piperatsilliin+tasobaktaam;
J01D;TEISED BEETALAKTAAMANTIBIOOTIKUMID;
J01DB;Esimese põlvkonna tsefalosporiinid;
J01DB01;tsefaleksiin;
J01DB02;tsefaloridiin;
J01DB03;tsefalotiin;
J01DB04;tsefasoliin;
J01DB05;tsefadroksiil;
J01DB06;tsefasedoon;
J01DB07;tsefatrisiin;
J01DB08;tsefapiriin;
J01DB09;tsefradiin;
J01DB10;tsefatsetriil;
J01DB11;tsefroksadiin;
J01DB12;tseftesool;
J01DC;Teise põlvkonna tsefalosporiinid;
J01DC01;tsefoksitiin;
J01DC02;tsefuroksiim;
J01DC03;tsefamandool;
J01DC04;tsefakloor;
J01DC05;tsefotetaan;
J01DC06;tsefonitsiid;
J01DC07;tsefotiam;
J01DC08;lorakarbef;
J01DC09;tsefmetasool;
J01DC10;tsefprosiil;
J01DD;Kolmanda põlvkonna tsefalosporiinid;
J01DD01;tsefotaksiim;
J01DD02;tseftasidiim;
J01DD03;tsefsulodiin;
J01DD04;tseftriaksoon;
J01DD05;tsefmenoksiim;
J01DD06;latamoksef;
J01DD07;tseftisoksiim;
J01DD08;tsefiksiim;
J01DD09;tsefodisiim;
J01DD10;tsefetamet;
J01DD11;tsefpiramiid;
J01DD12;tsefoperasoon;
J01DD13;tsefpodoksiim;
J01DD14;tseftibuteen;
J01DD15;tsefdiniir;
J01DD80;tseftriaksoon+sulbaktaam;
J01DD81;tseftasidiim+avibaktaam;
J01DE;Neljanda põlvkonna tsefalosporiinid;
J01DE01;tsefepiim;
J01DE02;tsefpiroom;
J01DF;Monobaktaamid;
J01DF01;astreonaam;
J01DH;Karbapeneemid;
J01DH02;meropeneem;
J01DH03;ertapeneem;
J01DH04;doripeneem;
J01DH51;imipeneem+tsilastatiin;
J01DH52;meropeneem+vaborbaktaam;
J01DH56;imipeneem+tsilastatiin+relebaktaam;
J01DI;Teised tsefalosporiinid ja peneemid;
J01DI02;tseftaroliinfosamiil;
J01DI04;tsefiderokool;
J01DI54;tseftolosaan+tasobaktaam;
J01E;SULFOONAMIIDID JA TRIMETOPRIM;
J01EA;Trimetoprim ja selle derivaadid;
J01EA01;trimetoprim;
J01EA02;brodimopriim;
J01EB;Lühikese toimeajaga sulfoonamiidid;
J01EB02;sulfametisool;
J01EB03;sulfadimidiin;
J01EB04;sulfapüridiin;
J01EB05;sulfafurasool;
J01EB06;sulfaniilamiid;
J01EB07;sulfatiasool;
J01EB08;sulfatiouurea;
J01EC;Keskmise toimeajaga sulfoonamiidid;
J01EC01;sulfametoksasool;
J01EC02;sulfadiasiin;
J01EC03;sulfamoksool;
J01ED;Pika toimeajaga sulfoonamiidid;
J01ED01;sulfadimetoksiin;
J01ED02;sulfaleen;
J01ED03;sulfametomidiin;
J01ED04;sulfametoksüdiasiin;
J01ED05;sulfametoksüpüridasiin;
J01ED06;sulfaperiin;
J01ED07;sulfamerasiin;
J01ED08;sulfafenasool;
J01ED09;sulfamasoon;
J01EE;Sulfoonamiidide ja trimetoprimi kombinatsioonid, k.a derivaadid;
J01EE01;sulfametoksasool+trimetoprim;
J01EE02;sulfadiasiin+trimetoprim;
J01EE03;sulfametrool+trimetoprim;
J01EE04;sulfamoksool+trimetoprim;
J01EE05;sulfadimidiin+trimetoprim;
J01F;MAKROLIIDID, LINKOOSAMIIDID JA STREPTOGRAMIINID;
J01FA;Makroliidid;
J01FA01;erütromütsiin;
J01FA02;spiramütsiin;
J01FA03;midekamütsiin;
J01FA05;oleandomütsiin;
J01FA06;roksitromütsiin;
J01FA07;josamütsiin;
J01FA08;troleandomütsiin;
J01FA09;klaritromütsiin;
J01FA10;asitromütsiin;
J01FA11;miokamütsiin;
J01FA12;rokitamütsiin;
J01FA13;diritromütsiin;
J01FA15;telitromütsiin;
J01FF;Linkoosamiidid;
J01FF01;klindamütsiin;
J01FF02;linkomütsiin;
J01FG;Streptogramiinid;
J01FG01;pristinamütsiin;
J01FG02;kinupristiin+dalfopristiin;
J01G;AMINOGLÜKOSIIDID;
J01GA;Streptomütsiinid;
J01GA01;streptomütsiin;
J01GB;Teised aminoglükosiidid;
J01GB01;tobramütsiin;
J01GB03;gentamütsiin;
J01GB04;kanamütsiin;
J01GB05;neomütsiin;
J01GB06;amikatsiin;
J01GB07;netilmitsiin;
J01GB08;sisomütsiin;
J01GB09;dibekatsiin;
J01GB10;ribostamütsiin;
J01GB11;isepamitsiin;
J01M;KINOLOONID;
J01MA;Fluorokinoloonid;
J01MA01;ofloksatsiin;
J01MA02;tsiprofloksatsiin;
J01MA03;pefloksatsiin;
J01MA04;enoksatsiin;
J01MA05;temafloksatsiin;
J01MA06;norfloksatsiin;
J01MA07;lomefloksatsiin;
J01MA08;fleroksatsiin;
J01MA09;sparfloksatsiin;
J01MA10;rufloksatsiin;
J01MA11;grepafloksatsiin;
J01MA12;levofloksatsiin;
J01MA13;trovafloksatsiin;
J01MA14;moksifloksatsiin;
J01MA23;delafloksatsiin;
J01MB;Teised kinoloonid;
J01MB01;rosoksatsiin;
J01MB02;nalidiksiinhape;
J01MB03;piromiidhape;
J01MB04;pipemiidhape;
J01MB05;oksoliinhape;
J01MB06;tsinoksatsiin;
J01MB07;flumekviin;
J01R;ANTIBAKTERIAALSETE AINETE KOMBINATSIOONID;
J01RA;Antibakteriaalsete ainete kombinatsioonid;
J01X;TEISED ANTIBAKTERIAALSED AINED;
J01XA;Antibakteriaalsed glükopeptiidid;
J01XA01;vankomütsiin;
J01XA02;teikoplaniin;
J01XA03;telavantsiin;
J01XA04;dalbavantsiin;
J01XA05;oritavantsiin;
J01XB;Polümüksiinid;
J01XB01;kolistiin;
J01XB02;polümüksiin B;
J01XC;Antibakteriaalsed steroidid;
J01XC01;fusidiinhape;
J01XD;Imidasooli derivaadid;
J01XD01;metronidasool;
J01XD02;tinidasool;
J01XD03;ornidasool;
J01XE;Nitrofuraani derivaadid;
J01XE01;nitrofurantoiin;
J01XE02;nifurtoinool;
J01XX;Teised antibakteriaalsed ained;
J01XX01;fosfomütsiin;
J01XX02;ksibornool;
J01XX03;klofoktool;
J01XX04;spektinomütsiin;
J01XX05;metenamiin;
J01XX07;nitroksoliin;
J01XX08;linesoliid;
J01XX09;daptomütsiin;
J01XX11;tedisoliid;
J01XX12;lefamuliin;
J01XX81;dioksidiin;
J02;SEENEVASTASED AINED SÜSTEEMSEKS KASUTAMISEKS;
J02A;SEENEVASTASED AINED SÜSTEEMSEKS KASUTAMISEKS;
J02AA;Antibiootikumid;
J02AA01;amfoteritsiin;
J02AA02;hakimütsiin;
J02AB;Imidasooli derivaadid;
J02AB01;mikonasool;
J02AB02;ketokonasool;
J02AC;Triasooli ja tetrasooli derivaadid;
J02AC01;flukonasool;
J02AC02;itrakonasool;
J02AC03;vorikonasool;
J02AC04;posakonasool;
J02AC05;isavukonasool;
J02AX;Teised seenevastased ained süsteemseks kasutamiseks;
J02AX01;flutsütosiin;
J02AX04;kaspofungiin;
J02AX05;mikafungiin;
J02AX06;anidulafungiin;
J04;MÜKOBAKTERIVASTASED AINED;
J04A;TUBERKULOOSI RAVIKS KASUTATAVAD AINED;
J04AA;Aminosalitsüülhape ja selle derivaadid;
J04AA01;paraaminosalitsüülhape;
J04AA02;naatriumaminosalitsülaat;
J04AB;Antibiootikumid;
J04AB01;tsükloseriin;
J04AB02;rifampitsiin;
J04AB03;rifamütsiin;
J04AB04;rifabutiin;
J04AB05;rifapentiin;
J04AB30;kapreomütsiin;
J04AC;Hüdrasiidid;
J04AC01;isoniasiid;
J04AC80;isoniasiid+püridoksiin;
J04AD;Tiokarbamiidi derivaadid;
J04AD01;protionamiid;
J04AD02;tiokarliid;
J04AD03;etioonamiid;
J04AK;Teised tuberkuloosi raviks kasutatavad ained;
J04AK01;pürasiinamiid;
J04AK02;etambutool;
J04AK03;terisidoon;
J04AK04;morinamiid;
J04AK05;bedakviliin;
J04AK06;delamaniid;
J04AK08;pretomaniid;
J04AM;Tuberkuloosi raviks kasutatavate ainete kombinatsioonid;
J04AM02;rifampitsiin+isoniasiid;
J04AM05;rifampitsiin+isoniasiid+pürasiinamiid;
J04B;LEEPRA RAVIKS KASUTATAVAD AINED;
J04BA;Leepra raviks kasutatavad ained;
J04BA01;klofasimiin;
J04BA02;dapsoon;
J04BA03;naatriumaldesulfoon;
J05;VIIRUSVASTASED AINED SÜSTEEMSEKS KASUTAMISEKS;
J05A;OTSESE TOIMEGA VIIRUSVASTASED AINED;
J05AA;Tiosemikarbasoonid;
J05AA01;metisasoon;
J05AB;Nukleosiidid ja nukleotiidid, v.a pöördtranskriptaasi inhibiitorid;
J05AB01;atsikloviir;
J05AB02;idoksuridiin;
J05AB03;vidarabiin;
J05AB06;gantsikloviir;
J05AB09;famtsikloviir;
J05AB11;valatsikloviir;
J05AB12;tsidofoviir;
J05AB13;pentsikloviir;
J05AB14;valgantsikloviir;
J05AB15;brivudiin;
J05AB16;remdesiviir;
J05AB17;brintsidofoviir;
J05AB18;molnupiraviir;
J05AC;Tsüklilised amiinid;
J05AC02;rimantadiin;
J05AC03;tromantadiin;
J05AD;Fosfoonhappe derivaadid;
J05AD01;naatriumfoskarnet;
J05AD02;naatriumfosfonet;
J05AE;Proteaasi inhibiitorid;
J05AE01;sakvinaviir;
J05AE02;indinaviir;
J05AE03;ritonaviir;
J05AE04;nelfinaviir;
J05AE05;amprenaviir;
J05AE07;fosamprenaviir;
J05AE08;atasanaviir;
J05AE09;tipranaviir;
J05AE10;darunaviir;
J05AE30;nirmatrelviir+ritonaviir;
J05AF;Nukleosiidsed ja nukleotiidsed pöördtranskriptaasi inhibiitorid;
J05AF01;zidovudiin;
J05AF02;didanosiin;
J05AF03;zaltsitabiin;
J05AF04;stavudiin;
J05AF05;lamivudiin;
J05AF06;abakaviir;
J05AF07;tenofoviirdisoproksiil;
J05AF08;adefoviir;
J05AF09;emtritsitabiin;
J05AF10;entekaviir;
J05AF11;telbivudiin;
J05AF13;tenofoviiralafenamiid;
J05AG;Mittenukleosiidsed pöördtranskriptaasi inhibiitorid;
J05AG01;nevirapiin;
J05AG03;efavirens;
J05AG04;etraviriin;
J05AG05;rilpiviriin;
J05AG06;doraviriin;
J05AH;Neuraminidaasi inhibiitorid;
J05AH01;zanamiviir;
J05AH02;oseltamiviir;
J05AH03;peramiviir;
J05AJ;Integraasi inhibiitorid;
J05AJ01;raltegraviir;
J05AJ02;elvitegraviir;
J05AJ03;dolutegraviir;
J05AJ04;kabotegraviir;
J05AP;Viirusvastased ained HCV-infektsiooni raviks;
J05AP01;ribaviriin;
J05AP02;telapreviir;
J05AP03;botsepreviir;
J05AP05;simepreviir;
J05AP07;daklatasviir;
J05AP08;sofosbuviir;
J05AP09;dasabuviir;
J05AP51;sofosbuviir+ledipasviir;
J05AP53;ombitasviir+paritapreviir+ritonaviir;
J05AP54;elbasviir+grasopreviir;
J05AP55;sofosbuviir+velpatasviir;
J05AP56;sofosbuviir+velpatasviir+voksilapreviir;
J05AP57;glekapreviir+pibrentasviir;
J05AR;Viirusvastaste ainete kombinatsioonid HIV-infektsiooni raviks;
J05AR01;zidovudiin+lamivudiin;
J05AR02;lamivudiin+abakaviir;
J05AR03;tenofoviirdisoproksiil+emtritsitabiin;
J05AR04;zidovudiin+lamivudiin+abakaviir;
J05AR06;emtritsitabiin+tenofoviirdisoproksiil+efavirens;
J05AR08;emtritsitabiin+tenofoviirdisoproksiil+rilpiviriin;
J05AR09;emtritsitabiin+tenofoviirdisoproksiil+elvitegraviir+kobitsistaat;
J05AR10;lopinaviir+ritonaviir;
J05AR13;lamivudiin+abakaviir+dolutegraviir;
J05AR14;darunaviir+kobitsistaat;
J05AR15;atasanaviir+kobitsistaat;
J05AR16;lamivudiin+raltegraviir;
J05AR17;emtritsitabiin+tenofoviiralafenamiid;
J05AR18;emtritsitabiin+tenofoviiralafenamiid+elvitegraviir+kobitsistaat;
J05AR19;emtritsitabiin+tenofoviiralafenamiid+rilpiviriin;
J05AR20;emtritsitabiin+tenofoviiralafenamiid+biktegraviir;
J05AR21;dolutegraviir+rilpiviriin;
J05AR22;emtritsitabiin+tenofoviiralafenamiid+darunaviir+kobitsistaat;
J05AR24;lamivudiin+tenofoviirdisoproksiil+doraviriin;
J05AR25;lamivudiin+dolutegraviir;
J05AX;Teised viirusvastased ained;
J05AX01;moroksüdiin;
J05AX05;inosiinpranobeks;
J05AX07;enfuvirtiid;
J05AX09;maravirok;
J05AX10;maribaviir;
J05AX18;letermoviir;
J05AX23;ibalizumab;
J05AX24;tekovirimaat;
J05AX25;baloksaviirmarboksiil;
J05AX27;favipiraviir;
J05AX28;bulevirtiid;
J05AX29;fostemsaviir;
J05AX31;lenakapaviir;
J06;IMMUUNSEERUMID JA IMMUNOGLOBULIINID;
J06A;IMMUUNSEERUMID;
J06AA;Immuunseerumid;
J06AA01;difteeria antitoksiin;
J06AA03;maomürgi antiseerum;
J06AA04;botulismi antitoksiin;
J06B;IMMUNOGLOBULIINID;
J06BA;Inimese normaalimmunoglobuliinid;
J06BA01;immunoglobuliin, ekstravaskulaarseks kasutamiseks;
J06BA02;immunoglobuliin, intravaskulaarseks kasutamiseks;
J06BA80;immunoglobuliin, normaal-, inimese;
J06BB;Spetsiifilised immunoglobuliinid;
J06BB01;anti-D humaanimmunoglobuliin;
J06BB02;teetanuse immunoglobuliin;
J06BB03;tuulerõugete immunoglobuliin;
J06BB04;hepatiit B immunoglobuliin;
J06BB05;marutõve immunoglobuliin;
J06BB09;tsütomegaloviiruste immunoglobuliin;
J06BB80;puukentsefaliidi antikehad;
J06BC;Antibakteriaalsed monoklonaalsed antikehad;
J06BC01;nebakumab;
J06BC03;bezlotoksumab;
J06BC04;obiltoksaksimab;
J06BD;Viirusvastased monoklonaalsed antikehad;
J06BD01;palivizumab;
J06BD03;tiksagevimab+tsilgavimab;
J06BD05;sotrovimab;
J06BD06;regdanvimab;
J06BD07;kasirivimab+imdevimab;
J06BD08;nirsevimab;
J07;VAKTSIINID;
J07A;BAKTERIAALSED VAKTSIINID;
J07AC;Siberi katku vaktsiinid;
J07AC01;siberi katku antigeen;
J07AD;Brutselloosivaktsiinid;
J07AE;Kooleravaktsiinid;
J07AE01;koolera tekitaja, inaktiveeritud, kogurakk;
J07AE02;koolera tekitaja, elus, nõrgestatud;
J07AF;Difteeriavaktsiinid;
J07AF01;difteeria toksoid;
J07AG;Haemophilus influenzae B vaktsiinid;
J07AG01;haemophilus influenzae B, konjugeeritud, puhastatud antigeen;
J07AH;Meningokokkvaktsiinid;
J07AH03;meningokokk A,C, bivalentne puhastatud polüsahhariidantigeen;
J07AH04;meningokokk, tetravalentne puhastatud  polüsahhariidantigeen;
J07AH07;meningokokk C, konjugeeritud puhastatud polüsahhariidantigeen;
J07AH08;meningokokk, tetravalentne konjugeeritud puhastatud polüsahhariidantigeen;
J07AH09;meningokokk B, mitmekomponendiline vaktsiin;
J07AH80;meningokokk C, konjugeeritud puhastatud polüsahhariidantigeen+teetanuse toksoid;
J07AJ;Läkaköhavaktsiinid;
J07AK;Katkuvaktsiinid;
J07AL;Pneumokokkvaktsiinid;
J07AL01;pneumokokk, puhastatud polüsahhariidantigeen;
J07AL02;pneumokokk, puhastatud polüsahhariidantigeen, konjugeeritud;
J07AL52;pneumokokk, puhastatud polüsahhariidantigeen+Haemophilus influenzae, konjugeeritud;
J07AM;Teetanusevaktsiinid;
J07AM01;teetanuse toksoid;
J07AM51;teetanuse toksoid+difteeria toksoid;
J07AN;Tuberkuloosivaktsiinid;
J07AN01;tuberkuloosi tekitaja, elus, nõrgestatud;
J07AP;Tüüfusevaktsiinid;
J07AP01;kõhutüüfuse tekitaja, suukaudne, elus, nõrgestatud;
J07AP03;kõhutüüfuse tekitaja, puhastatud polüsahhariidantigeen;
J07AR;Tähnilise tüüfuse vaktsiinid;
J07AX;Teised bakteriaalsed vaktsiinid;
J07AX80;difteeria-teetanus-läkaköha;
J07AX81;multibakteriaalne lüofilisaat;
J07B;VIRAALSED VAKTSIINID;
J07BA;Entsefaliidivaktsiinid;
J07BA01;puukentsefaliidi koguviirus, inaktiveeritud;
J07BA02;jaapani entsefaliidi koguviirus, inaktiveeritud;
J07BB;Gripivaktsiinid;
J07BB01;gripi koguviirus, inaktiveeritud;
J07BB02;gripiviirus, inaktiveeritud, tükeldatud viirus või pinnaantigeen;
J07BB03;gripiviirus, elus, nõrgestatud;
J07BC;Hepatiidivaktsiinid;
J07BC01;hepatiit B viirus, puhastatud antigeen;
J07BC02;hepatiit A koguviirus, inaktiveeritud;
J07BC80;hepatiit A koguviirus, inaktiveeritud+hepatiit B viirus, puhastatud antigeen;
J07BD;Leetrite vaktsiinid;
J07BD01;leetrite tekitaja, elus, nõrgestatud;
J07BD52;leetrite tekitaja, elus, nõrgestatud+punetiste tekitaja, elus, nõrgestatud+mumpsiviirus, elus, nõrgestatud;
J07BD53;leetrite tekitaja, elus, nõrgestatud+punetiste tekitaja, elus, nõrgestatud;
J07BD54;leetrite tekitaja, elus, nõrgestatud+mumpsiviirus, elus, nõrgestatud+punetiste tekitaja, elus, nõrgestatud+tuulerõugete viirus, elus, nõrgestatud;
J07BE;Mumpsivaktsiinid;
J07BF;Poliomüeliidivaktsiinid;
J07BF02;poliomüeliidiviirus, suukaudne, trivalentne, elus, nõrgestatud;
J07BF03;poliomüeliidi koguviirus, trivalentne, inaktiveeritud;
J07BG;Marutõvevaktsiinid;
J07BG01;marutõve koguviirus, inaktiveeritud;
J07BH;Rotaviirusinfektsiooni vaktsiinid;
J07BH01;rotaviirus, elus, nõrgestatud;
J07BH02;rotaviirus, pentavalentne, elus, reassorteeritud;
J07BJ;Punetiste vaktsiinid;
J07BJ01;punetiste tekitaja, elus, nõrgestatud;
J07BK;Tuulerõugete ja vöötohatise vaktsiinid;
J07BK01;tuulerõugete viirus, elus, nõrgestatud;
J07BK02;vöötohatise viirus, elus, nõrgestatud;
J07BK03;vöötohatise viirus, puhastatud antigeen;
J07BL;Kollapalavikuvaktsiinid;
J07BL01;kollapalaviku tekitaja, elus, nõrgestatud;
J07BM;Papilloomiviiruse vaktsiinid;
J07BM01;inimese papilloomiviirus (tüved 6, 11, 16, 18);
J07BM02;inimese papilloomiviirus (tüved 16, 18);
J07BM03;inimese papilloomiviirus (tüved 6, 11, 16, 18, 31, 33, 45, 52, 58);
J07BN;Covid-19 vaktsiinid;
J07BN01;COVID-19, RNA vaktsiin;
J07BN02;COVID-19, viirusvektor, mittereplitseeruv;
J07BN03;COVID-19, inaktiveeritud viirus;
J07BN04;COVID-19, valgu alaühik;
J07BX;Teised viraalsed vaktsiinid;
J07BX01;rõugevaktsiin;
J07BX02;Ebola (vesikulaarse stomatiidi viirusvektor, elus, nõrgestatud);
J07BX04;Dengue palaviku tekitaja, elus, nõrgestatud;
J07BX05;respiratoor-süntsütiaalse viiruse vaktsiin;
J07C;BAKTERIAALSETE JA VIRAALSETE VAKTSIINIDE KOMBINATSIOONID;
J07CA;Bakteriaalsete ja viraalsete vaktsiinide kombinatsioonid;
J07CA01;difteeria toksoid+teetanuse toksoid+poliomüeliidi koguviirus, trivalentne, inaktiveeritud;
J07CA02;difteeria toksoid+läkaköha tekitaja, puhastatud antigeen+teetanuse toksoid+poliomüeliidi koguviirus, trivalentne, inaktiveeritud;
J07CA05;difteeria toksoid+läkaköha tekitaja, puhastatud antigeen+hepatiit B viirus, puhastatud antigeen+teetanuse toksoid;
J07CA06;difteeria toksoid+teetanuse toksoid+läkaköha tekitaja, puhastatud antigeen+poliomüeliidi koguviirus, trivalentne, inaktiveeritud+haemophilus influenzae B, konjugeeritud, puhastatud antigeen;
J07CA08;haemophilus influenzae B, konjugeeritud, puhastatud antigeen+hepatiit B viirus, puhastatud antigeen;
J07CA09;difteeria toksoid+poliomüeliidi koguviirus, trivalentne, inaktiveeritud+läkaköha tekitaja, puhastatud antigeen+haemophilus influenzae B, konjugeeritud, puhastatud antigeen+hepatiit B viirus, puhastatud antigeen+teetanuse toksoid;
J07CA11;difteeria toksoid+teetanuse toksoid+läkaköha tekitaja, inaktiveeritud+hepatiit B viirus, puhastatud antigeen+haemophilus influenzae B, konjugeeritud, puhastatud antigeen;
J07CA12;difteeria toksoid+poliomüeliidi koguviirus, trivalentne, inaktiveeritud+läkaköha tekitaja, puhastatud antigeen+hepatiit B viirus, puhastatud antigeen+teetanuse toksoid;
J07CA81;difteeria toksoid+teetanuse toksoid+läkaköha antigeen+haemophilus influenzae B, konjugeeritud, puhastatud antigeen;
J07CA83;difteeria toksoid+poliomüeliidi koguviirus, trivalentne, inaktiveeritud+läkaköha tekitaja, puhastatud antigeen+haemophilus influenzae B, konjugeeritud, puhastatud antigeen+teetanuse toksoid+hepatiit B viirus, puhastatud antigeen;
J07X;TEISED VAKTSIINID;
J07XA;Parasitaarsed vaktsiinid;
L;KASVAJAVASTASED JA IMMUNOMODULEERIVAD AINED;
L01;KASVAJAVASTASED AINED;
L01A;ALKÜÜLIVAD AINED;
L01AA;Lämmastikipriidi analoogid;
L01AA01;tsüklofosfamiid;
L01AA02;kloorambutsiil;
L01AA03;melfalaan;
L01AA05;kloormetiin;
L01AA06;ifosfamiid;
L01AA07;trofosfamiid;
L01AA08;prednimustiin;
L01AA09;bendamustiin;
L01AA10;melfalaanflufenamiid;
L01AB;Alküülsulfonaadid;
L01AB01;busulfaan;
L01AB02;treosulfaan;
L01AB03;mannosulfaan;
L01AC;Etüleenimiinid;
L01AC01;tiotepa;
L01AC02;triasikvoon;
L01AC03;karbokvoon;
L01AD;Nitrosouuread;
L01AD01;karmustiin;
L01AD02;lomustiin;
L01AD03;semustiin;
L01AD04;streptosotsiin;
L01AD05;fotemustiin;
L01AD06;nimustiin;
L01AD07;ranimustiin;
L01AG;Epoksiidid;
L01AG01;etoglutsiid;
L01AX;Teised alküülivad ained;
L01AX01;mitobronitool;
L01AX02;pipobromaan;
L01AX03;temosolomiid;
L01AX04;dakarbasiin;
L01B;ANTIMETABOLIIDID;
L01BA;Foolhappe analoogid;
L01BA01;metotreksaat;
L01BA03;raltitrekseed;
L01BA04;pemetrekseed;
L01BB;Puriini analoogid;
L01BB02;merkaptopuriin;
L01BB03;tioguaniin;
L01BB04;kladribiin;
L01BB05;fludarabiin;
L01BB06;klofarabiin;
L01BB07;nelarabiin;
L01BC;Pürimidiini analoogid;
L01BC01;tsütarabiin;
L01BC02;fluorouratsiil;
L01BC03;tegafuur;
L01BC04;karmofuur;
L01BC05;gemtsitabiin;
L01BC06;kapetsitabiin;
L01BC07;asatsitidiin;
L01BC08;detsitabiin;
L01BC80;tegafuur+uratsiil;
L01BC81;tegafuur+gimeratsiil+oteratsiil;
L01BC82;fluorouratsiil+salitsüülhape;
L01BC83;trifluridiin+tipiratsiil;
L01BC84;detsitabiin+tsedasuridiin;
L01C;TAIMSED ALKALOIDID JA TEISED LOODUSLIKUD AINED;
L01CA;Igihalja (Vinca) alkaloidid ja analoogid;
L01CA01;vinblastiin;
L01CA02;vinkristiin;
L01CA03;vindesiin;
L01CA04;vinorelbiin;
L01CA05;vinfluniin;
L01CB;Podofüllotoksiini derivaadid;
L01CB01;etoposiid;
L01CB02;teniposiid;
L01CC;Kolhitsiini derivaadid;
L01CD;Taksaanid;
L01CD01;paklitakseel;
L01CD02;dotsetakseel;
L01CD04;kabasitakseel;
L01CE;Topoisomeraas 1 (TOP1) inhibiitorid;
L01CE01;topotekaan;
L01CE02;irinotekaan;
L01CX;Teised taimsed alkaloidid ja looduslikud ained;
L01CX01;trabektediin;
L01CX80;puuvõõrik;
L01D;TSÜTOTOKSILISED ANTIBIOOTIKUMID JA SARNASED AINED;
L01DA;Aktinomütsiinid;
L01DA01;daktinomütsiin;
L01DB;Antratsükliinid ja sarnased ained;
L01DB01;doksorubitsiin;
L01DB02;daunorubitsiin;
L01DB03;epirubitsiin;
L01DB04;aklarubitsiin;
L01DB05;zorubitsiin;
L01DB06;idarubitsiin;
L01DB07;mitoksantroon;
L01DB08;pirarubitsiin;
L01DB11;piksantroon;
L01DC;Teised tsütotoksilised antibiootikumid;
L01DC01;bleomütsiin;
L01DC02;plikamütsiin;
L01DC03;mitomütsiin;
L01DC04;iksabepiloon;
L01E;PROTEIINI KINAASI INHIBIITORID;
L01EA;BCR-ABL türosiinkinaasi inhibiitorid;
L01EA01;imatiniib;
L01EA02;dasatiniib;
L01EA03;nilotiniib;
L01EA04;bosutiniib;
L01EA05;ponatiniib;
L01EA06;astsiminiib;
L01EB;Epidermaalse kasvufaktori retseptori (EGFR) türosiinkinaasi inhibiitorid;
L01EB01;gefitiniib;
L01EB02;erlotiniib;
L01EB03;afatiniib;
L01EB04;osimertiniib;
L01EB07;dakomitiniib;
L01EB10;mobotsertiniib;
L01EC;B-Raf seriin-treoniinkinaasi (BRAF) inhibiitorid;
L01EC01;vemurafeniib;
L01EC02;dabrafeniib;
L01EC03;enkorafeniib;
L01ED;Anaplastilise lümfoomi kinaasi (ALK) inhibiitorid;
L01ED01;krisotiniib;
L01ED02;tseritiniib;
L01ED03;alektiniib;
L01ED04;brigatiniib;
L01ED05;lorlatiniib;
L01EE;Mitogeen-aktiveeritud proteiini kinaasi (MEK) inhibiitorid;
L01EE01;trametiniib;
L01EE02;kobimetiniib;
L01EE03;binimetiniib;
L01EE04;selumetiniib;
L01EF;Tsükliinsõltuvate kinaaside (CDK) inhibiitorid;
L01EF01;palbotsikliib;
L01EF02;ribotsikliib;
L01EF03;abematsikliib;
L01EG;Imetajate rapamütsiini märklaua (mTOR) kinaasi inhibiitorid;
L01EG01;temsiroliimus;
L01EG02;everoliimus;
L01EG04;siroliimus;
L01EH;Inimese epidermaalse kasvufaktori retseptor 2 (HER2) türosiinkinaasi inhibiitorid;
L01EH01;lapatiniib;
L01EH02;neratiniib;
L01EH03;tukatiniib;
L01EJ;Janus-seotud kinaaside (JAK) inhibiitorid;
L01EJ01;ruksolitiniib;
L01EJ02;fedratiniib;
L01EK;Vaskulaarse endoteliaalse kasvufaktori retseptorite (VEGFR) türosiinkinaasi inhibiitorid;
L01EK01;aksitiniib;
L01EK03;tivosaniib;
L01EL;Brutoni türosiinkinaasi (BTK) inhibiitorid;
L01EL01;ibrutiniib;
L01EL02;akalabrutiniib;
L01EL03;zanubrutiniib;
L01EM;Fosfatidüülinositool-3-kinaasi (Pi3K) inhibiitorid;
L01EM01;idelalisiib;
L01EM03;alpelisiib;
L01EM04;duvelisiib;
L01EN;Fibroblasti kasvufaktori retseptori (FGFR) türosiinkinaasi inhibiitorid;
L01EN01;erdafitiniib;
L01EN02;pemigatiniib;
L01EN04;futibatiniib;
L01EX;Teised proteiini kinaasi inhibiitorid;
L01EX01;sunitiniib;
L01EX02;sorafeniib;
L01EX03;pasopaniib;
L01EX04;vandetaniib;
L01EX05;regorafeniib;
L01EX06;masitiniib;
L01EX07;kabosantiniib;
L01EX08;lenvatiniib;
L01EX09;nintedaniib;
L01EX10;midostauriin;
L01EX12;larotrektiniib;
L01EX13;gilteritiniib;
L01EX14;entrektiniib;
L01EX17;kapmatiniib;
L01EX18;avapritiniib;
L01EX19;ripretiniib;
L01EX21;tepotiniib;
L01EX22;selperkatiniib;
L01EX23;pralsetiniib;
L01F;MONOKLONAALSED ANTIKEHAD JA  ANTIKEHA-RAVIMI KONJUGAADID;
L01FA;CD20 (diferentseerumise klaster 20) inhibiitorid;
L01FA01;rituksimab;
L01FA02;ofatumumab;
L01FA03;obinutuzumab;
L01FA80;glofitamab;
L01FB;CD22 (diferentseerumise klaster 22) inhibiitorid;
L01FB01;inotuzumabosogamitsiin;
L01FB02;moksetumomabpasudotoks;
L01FC;CD38 (diferentseerumise klaster 38) inhibiitorid;
L01FC01;daratumumab;
L01FC02;isatuksimab;
L01FC80;teklistamab;
L01FD;HER2 (inimese epidermaalse kasvufaktori retseptor 2) inhibiitorid;
L01FD01;trastuzumab;
L01FD02;pertuzumab;
L01FD03;trastuzumabemtansiin;
L01FD04;trastuzumabderukstekaan;
L01FE;EGFR (epidermaalse kasvufaktori retseptori) inhibiitorid;
L01FE01;tsetuksimab;
L01FE02;panitumumab;
L01FE03;netsitumumab;
L01FF;PD-1/PDL-1 (programmeeritud rakusurma valk 1/surmaligand 1) inhibiitorid;
L01FF01;nivolumab;
L01FF02;pembrolizumab;
L01FF03;durvalumab;
L01FF04;avelumab;
L01FF05;atesolizumab;
L01FF06;tsemiplimab;
L01FF07;dostarlimab;
L01FF09;tislelizumab;
L01FG;VEGF/VEGFR (vaskulaarse endoteliaalse kasvufaktori) inhibiitorid;
L01FG01;bevatsizumab;
L01FG02;ramutsirumab;
L01FX;Teised monoklonaalsed antikehad ja antikeha-ravimi konjugaadid;
L01FX02;gemtuzumabosogamitsiin;
L01FX03;katumaksomab;
L01FX04;ipilimumab;
L01FX05;brentuksimabvedotiin;
L01FX06;beetadinutuksimab;
L01FX07;blinatumomab;
L01FX08;elotuzumab;
L01FX09;mogamulizumab;
L01FX10;olaratumab;
L01FX12;tafasitamab;
L01FX13;enfortumabvedotiin;
L01FX14;polatuzumabvedotiin;
L01FX15;belantamabmafodotiin;
L01FX17;sakituzumabgovitekaan;
L01FX18;amivantamab;
L01FX20;tremelimumab;
L01FX22;lonkastuksimabtesiriin;
L01FX80;talkuetamab;
L01FX81;epkoritamab;
L01X;TEISED KASVAJAVASTASED AINED;
L01XA;Plaatinaühendid;
L01XA01;tsisplatiin;
L01XA02;karboplatiin;
L01XA03;oksaliplatiin;
L01XB;Metüülhüdrasiinid;
L01XB01;prokarbasiin;
L01XD;Fotodünaamilises ja kiiritusravis kasutatavad sensibiliseerivad ained;
L01XD01;naatriumporfimeer;
L01XD03;metüülaminolevulinaat;
L01XD04;aminolevuliinhape;
L01XD05;temoporfiin;
L01XD07;padeliporfiin;
L01XF;Retinoidid kasvajate raviks;
L01XF01;tretinoiin;
L01XF02;alitretinoiin;
L01XF03;beksaroteen;
L01XG;Proteasoomi inhibiitorid;
L01XG01;bortesomiib;
L01XG02;karfilsomiib;
L01XG03;iksasomiib;
L01XH;Histooni deatsetülaasi (HDAC) inhibiitorid;
L01XH01;vorinostat;
L01XH03;panobinostaat;
L01XJ;Hedgehogi raja inhibiitorid;
L01XJ01;vismodegiib;
L01XJ02;sonidegiib;
L01XJ03;glasdegiib;
L01XK;Polü (ADP-riboos) polümeraaside (PARP) inhibiitorid;
L01XK01;olapariib;
L01XK02;nirapariib;
L01XK03;rukapariib;
L01XK04;talasopariib;
L01XK52;nirapariib+abirateroon;
L01XL;Kasvajavastane raku- ja geeniteraapia;
L01XL02;talimogeenlaherparepvek;
L01XL03;aksikabtageentsiloleutseel;
L01XL04;tisageenlekleutseel;
L01XL05;tsiltakabtageenautoleutseel;
L01XL07;idekabtageenvikleutseel;
L01XL09;tabelekleutseel;
L01XX;Teised kasvajavastased ained;
L01XX01;amsakriin;
L01XX02;asparaginaas;
L01XX03;altretamiin;
L01XX05;hüdroksükarbamiid;
L01XX07;lonidamiin;
L01XX08;pentostatiin;
L01XX10;masoprokool;
L01XX11;östramustiin;
L01XX16;mitoguasoon;
L01XX18;tiasofuriin;
L01XX23;mitotaan;
L01XX24;pegaspargaas;
L01XX27;arseentrioksiid;
L01XX33;tselekoksiib;
L01XX35;anagreliid;
L01XX41;eribuliin;
L01XX44;aflibertsept;
L01XX52;venetoklaks;
L01XX59;enasideniib;
L01XX62;ivosideniib;
L01XX66;selineksoor;
L01XX67;tagraksofusp;
L01XX72;tasemetostaat;
L01XX73;sotorasiib;
L01XX75;tebentafusp;
L01XX81;geneetiliselt modifitseeritud allogeensed T-rakud;
L01XX85;autoloogsed CD19-vastased transdutseeritud CD3+ rakud;
L01XX86;pevonedistaat;
L01XX88;lisokabtageenmaraleutseel;
L01XY;Kasvajavastaste ainete kombinatsioonid;
L01XY01;tsütarabiin+daunorubitsiin;
L01XY02;pertuzumab+trastuzumab;
L01XY03;nivolumab+relatlimab;
L01XY80;nirapariib+abirateroon;
L02;ENDOKRINOLOOGILINE RAVI;
L02A;HORMOONID JA SARNASED AINED;
L02AA;Östrogeenid;
L02AA01;dietüülstilböstrool;
L02AA02;polüöstradioolfosfaat;
L02AA03;etünüülöstradiool;
L02AA04;fosfestrool;
L02AB;Gestageenid;
L02AB01;megestrool;
L02AB02;medroksüprogesteroon;
L02AB03;gestonoroonkaproaat;
L02AE;Gonadotropiini vabastavate hormoonide analoogid;
L02AE01;busereliin;
L02AE02;leuproreliin;
L02AE03;gosereliin;
L02AE04;triptoreliin;
L02AE05;histreliin;
L02AX;Teised hormoonid;
L02B;HORMOONIDE ANTAGONISTID JA SARNASED AINED;
L02BA;Antiöstrogeenid;
L02BA01;tamoksifeen;
L02BA02;toremifeen;
L02BA03;fulvestrant;
L02BA04;elatsestrant;
L02BB;Antiandrogeenid;
L02BB01;flutamiid;
L02BB02;nilutamiid;
L02BB03;bikalutamiid;
L02BB04;ensalutamiid;
L02BB05;apalutamiid;
L02BB06;darolutamiid;
L02BG;Aromataasi inhibiitorid;
L02BG01;aminogluteetimiid;
L02BG02;formestaan;
L02BG03;anastrosool;
L02BG04;letrosool;
L02BG06;eksemestaan;
L02BX;Teised hormoonide antagonistid ja sarnased ained;
L02BX02;degareliks;
L02BX03;abirateroon;
L02BX04;relugoliks;
L03;IMMUNOSTIMULAATORID;
L03A;IMMUNOSTIMULAATORID;
L03AA;Kolooniaid stimuleerivad faktorid;
L03AA02;filgrastiim;
L03AA03;molgramostiim;
L03AA09;sargramostiim;
L03AA10;lenograstiim;
L03AA12;antsestiim;
L03AA13;pegfilgrastiim;
L03AA14;lipegfilgrastiim;
L03AA80;arahidoonhape;
L03AB;Interferoonid;
L03AB01;alfainterferoon;
L03AB02;beetainterferoon;
L03AB03;gammainterferoon;
L03AB04;alfa-2a-interferoon;
L03AB05;alfa-2b-interferoon;
L03AB07;beeta-1a-interferoon;
L03AB08;beeta-1b-interferoon;
L03AB09;alfakon-1 interferoon;
L03AB10;alfa-2b-peginterferoon;
L03AB11;alfa-2a-peginterferoon;
L03AB13;beeta-1a-peginterferoon;
L03AB15;alfa-2b-ropeginterferoon;
L03AC;Interleukiinid;
L03AC01;aldesleukiin;
L03AC02;oprelvekiin;
L03AX;Teised immunostimulaatorid;
L03AX02;rokvinimeks;
L03AX03;BCG bakterid;
L03AX04;pegademaas;
L03AX05;pidotimood;
L03AX09;tümopentiin;
L03AX11;tasonermiin;
L03AX13;glatirameeratsetaat;
L03AX14;histamiindivesinikkloriid;
L03AX15;mifamurtiid;
L03AX16;pleriksafoor;
L03AX17;sipuleucel-T;
L03AX18;kridanimood;
L03AX80;metüüluratsiil;
L03AX82;Escherichia coli lüsaat;
L03AX84;geneetiliselt modifitseeritud autoloogne CD34+ rikastatud rakufraktsioon;
L03AX85;surmatud lüüsimata bakterite kontsentraat;
L04;IMMUNOSUPRESSANDID;
L04A;IMMUNOSUPRESSANDID;
L04AA;Selektiivsed immunosupressandid;
L04AA02;muromonab-CD3;
L04AA03;hobuse anti-T-lümfotsüütne immunoglobuliin;
L04AA04;küüliku anti-T-lümfotsüütne immunoglobuliin;
L04AA06;mükofenoolhape;
L04AA10;siroliimus;
L04AA13;leflunomiid;
L04AA15;alefatsept;
L04AA18;everoliimus;
L04AA21;efalizumab;
L04AA23;natalizumab;
L04AA24;abatatsept;
L04AA25;ekulizumab;
L04AA26;belimumab;
L04AA27;fingolimood;
L04AA28;belatatsept;
L04AA29;tofatsitiniib;
L04AA31;teriflunomiid;
L04AA32;apremilast;
L04AA33;vedolizumab;
L04AA34;alemtuzumab;
L04AA36;okrelizumab;
L04AA37;baritsitiniib;
L04AA38;osanimood;
L04AA40;kladribiin;
L04AA41;imlifidaas;
L04AA42;siponimood;
L04AA43;ravulizumab;
L04AA44;upadatsitiniib;
L04AA45;filgotiniib;
L04AA47;inebilizumab;
L04AA50;ponesimood;
L04AA51;anifrolumab;
L04AA52;ofatumumab;
L04AA54;pegtsetakoplaan;
L04AA55;sutimlimab;
L04AA56;deukravatsitiniib;
L04AA58;alfaefgartigimood;
L04AA59;avakopaan;
L04AB;Tuumorinekroosifaktori alfa (TNF- alfa) inhibiitorid;
L04AB01;etanertsept;
L04AB02;infliksimab;
L04AB04;adalimumab;
L04AB05;tsertolizumabpegool;
L04AB06;golimumab;
L04AC;Interleukiini inhibiitorid;
L04AC01;daklizumab;
L04AC02;basiliksimab;
L04AC03;anakinra;
L04AC04;rilonatsept;
L04AC05;ustekinumab;
L04AC07;totsilizumab;
L04AC08;kanakinumab;
L04AC10;sekukinumab;
L04AC11;siltuksimab;
L04AC12;brodalumab;
L04AC13;iksekizumab;
L04AC14;sarilumab;
L04AC16;guselkumab;
L04AC17;tildrakizumab;
L04AC18;risankizumab;
L04AC19;satralizumab;
L04AC21;bimekizumab;
L04AC22;spesolimab;
L04AC24;mirikizumab;
L04AD;Kaltsineuriini inhibiitorid;
L04AD01;tsüklosporiin;
L04AD02;takroliimus;
L04AD03;voklosporiin;
L04AF;Janus-kinaasi (JAK) inhibiitorid;
L04AF08;ritletsitiniib;
L04AG;Monoklonaalsed antikehad;
L04AG14;ublituksimab;
L04AX;Teised immunosupressandid;
L04AX01;asatiopriin;
L04AX02;talidomiid;
L04AX03;metotreksaat;
L04AX04;lenalidomiid;
L04AX05;pirfenidoon;
L04AX06;pomalidomiid;
L04AX07;dimetüülfumaraat;
L04AX08;darvadstrotseel;
L04AX09;diroksimeelfumaraat;
M;SKELETI-LIHASSÜSTEEM;
M01;PÕLETIKU- JA REUMAVASTASED AINED;
M01A;MITTESTEROIDSED PÕLETIKU- JA REUMAVASTASED AINED;
M01AA;Butüülpürasolidiinid;
M01AA01;fenüülbutasoon;
M01AA02;mofebutasoon;
M01AA03;oksüfenbutasoon;
M01AA05;klofesoon;
M01AA06;kebusoon;
M01AA80;fenüülbutasoon+aminofenasoon;
M01AB;Äädikhappe derivaadid ja sarnased ained;
M01AB01;indometatsiin;
M01AB02;sulindak;
M01AB03;tolmetiin;
M01AB04;zomepirak;
M01AB05;diklofenak;
M01AB06;alklofenak;
M01AB07;bumadisoon;
M01AB08;etodolak;
M01AB09;lonasolak;
M01AB10;fentiasak;
M01AB11;atsemetatsiin;
M01AB13;oksametatsiin;
M01AB14;proglumetatsiin;
M01AB15;ketorolak;
M01AB16;atseklofenak;
M01AB80;diklofenak+misoprostool;
M01AB81;diklofenak+püridoksiin+tiamiin+tsüanokobalamiin;
M01AB82;diklofenak+omeprasool;
M01AB83;diklofenak+lidokaiin;
M01AC;Oksikaamid;
M01AC01;piroksikaam;
M01AC02;tenoksikaam;
M01AC04;droksikaam;
M01AC05;lornoksikaam;
M01AC06;meloksikaam;
M01AE;Propioonhappe derivaadid;
M01AE01;ibuprofeen;
M01AE02;naprokseen;
M01AE03;ketoprofeen;
M01AE04;fenoprofeen;
M01AE05;fenbufeen;
M01AE06;benoksaprofeen;
M01AE07;suprofeen;
M01AE08;pirprofeen;
M01AE09;flurbiprofeen;
M01AE10;indoprofeen;
M01AE11;tiaprofeenhape;
M01AE12;oksaprosiin;
M01AE13;ibuproksaam;
M01AE14;deksibuprofeen;
M01AE15;flunoksaprofeen;
M01AE16;alminoprofeen;
M01AE17;deksketoprofeen;
M01AE52;naprokseen+esomeprasool;
M01AE81;ketoprofeen+omeprasool;
M01AE82;ibuprofeen+fenüülefriin;
M01AE83;ibuprofeen+pseudoefedriin;
M01AG;Fenamaadid;
M01AG01;mefenaamhape;
M01AG02;tolfenaamhape;
M01AG03;flufenaamhape;
M01AG04;meklofenaamhape;
M01AH;Koksiibid;
M01AH01;tselekoksiib;
M01AH02;rofekoksiib;
M01AH03;valdekoksiib;
M01AH04;parekoksiib;
M01AH05;etorikoksiib;
M01AH06;lumirakoksiib;
M01AX;Teised mittesteroidsed põletiku- ja reumavastased ained;
M01AX01;nabumetoon;
M01AX02;nifluumhape;
M01AX04;asapropasoon;
M01AX05;glükoosamiin;
M01AX07;bensüdamiin;
M01AX12;glükoosaminoglükaanpolüsulfaat;
M01AX13;prokvasoon;
M01AX14;orgoteiin;
M01AX17;nimesuliid;
M01AX18;feprasoon;
M01AX21;diatsereiin;
M01AX22;morniflumaat;
M01AX23;tenidap;
M01AX25;kondroitiinsulfaat;
M01AX83;humisool;
M01B;PÕLETIKU- JA REUMAVASTASTE AINETE KOMBINATSIOONID;
M01BA;Põletiku- ja reumavastaste ainete kombinatsioonid kortikosteroididega;
M01BX;Teiste põletiku- ja reumavastaste ainete kombinatsioonid teiste ainetega;
M01C;SPETSIIFILISED REUMAVASTASED AINED;
M01CA;Kinoliinid;
M01CB;Kullapreparaadid;
M01CB01;naatriumaurotiomalaat;
M01CB02;naatriumaurotiosulfaat;
M01CB03;auranofiin;
M01CC;Penitsillamiin ja sarnased ained;
M01CC01;penitsillamiin;
M01CC02;butsillamiin;
M01CX;Teised spetsiifilised reumavastased ained;
M02;PAIKSELT KASUTATAVAD PREPARAADID LIIGESE- JA LIHASEVALUDE KORRAL;
M02A;PAIKSELT KASUTATAVAD PREPARAADID LIIGESE- JA LIHASEVALUDE KORRAL;
M02AA;Mittesteroidsed põletikuvastased ained paikseks kasutamiseks;
M02AA01;fenüülbutasoon;
M02AA02;mofebutasoon;
M02AA03;klofesoon;
M02AA04;oksüfenbutasoon;
M02AA05;bensüdamiin;
M02AA06;etofenamaat;
M02AA07;piroksikaam;
M02AA08;felbinak;
M02AA09;bufeksamak;
M02AA10;ketoprofeen;
M02AA11;bendasak;
M02AA12;naprokseen;
M02AA13;ibuprofeen;
M02AA14;fentiasak;
M02AA15;diklofenak;
M02AA16;feprasoon;
M02AA17;nifluumhape;
M02AA18;meklofenaamhape;
M02AA19;flurbiprofeen;
M02AA21;tolmetiin;
M02AA22;suksibusoon;
M02AA23;indometatsiin;
M02AA25;atseklofenak;
M02AA81;ibuprofeen+levomentool;
M02AA82;indometatsiin+trokserutiin;
M02AB;Kapsaitsiin ja sarnased ained;
M02AC;Salitsüülhappe derivaate sisaldavad preparaadid;
M02AC01;metüülsalitsülaat;
M02AC02;hüdroksüetüülsalitsülaat;
M02AC80;metüülsalitsülaat+levomentool+eukalüptiõli+tärpentiniõli;
M02AC81;metüülsalitsülaat+tärpentiniõli+paprikaekstrakt;
M02AC82;metüülsalitsülaat+mesilasmürk+allüülisotiotsüanaat;
M02AC83;metüülsalitsülaat+paprikaekstrakt;
M02AX;Teised paikselt kasutatavad ained liigese- ja lihasevalu korral;
M02AX02;tolasoliin;
M02AX03;dimetüülsulfoksiid;
M02AX80;nikoboksiil+nonivamiid;
M02AX83;nimesuliid+mentool+kapsaitsiin+metüülsalitsülaat;
M02AX84;sipelghape;
M02AX85;kamper;
M02AX86;kamper+metüülsalitsülaat+levomentool;
M02AX87;kamper+eukalüptiõli+mentool+bensüülnikotinaat+paprikaekstrakt;
M02AX88;mentool;
M02AX89;metüülnikotinaat+etüülsalitsülaat+metüülsalitsülaat+hüdroksüetüülsalitsülaat;
M02AX90;kamper+salitsüülhape+tärpentiniõli+hariliku rästiku mürk;
M02AX91;salitsüülhape+nonivamiid;
M02AX92;bensüülnikotinaat+nonivamiid+kamper+tärpentiniõli+dimetüülsulfoksiid;
M02AX93;sipelghape+kamper;
M03;MÜORELAKSANDID;
M03A;PERIFEERSE TOIMEGA MÜORELAKSANDID;
M03AA;Kuraare alkaloidid;
M03AA01;alkurooniumkloriid;
M03AA02;tubokurariinkloriid;
M03AA04;dimetüültubokurariinkloriid;
M03AB;Koliini derivaadid;
M03AB01;suksametooniumkloriid;
M03AC;Teised kvaternaarsed ammooniumiühendid;
M03AC01;pankurooniumbromiid;
M03AC02;gallamiintrietjodiid;
M03AC03;vekurooniumbromiid;
M03AC04;atrakuuriumbesilaat;
M03AC05;heksaflurooniumbromiid;
M03AC06;pipekurooniumbromiid;
M03AC07;doksakuurkloriid;
M03AC08;fasadiinbromiid;
M03AC09;rokurooniumbromiid;
M03AC10;mivakuurkloriid;
M03AC11;tsisatrakuurium;
M03AX;Teised perifeerse toimega müorelaksandid;
M03AX01;botulismitoksiin;
M03B;TSENTRAALSE TOIMEGA MÜORELAKSANDID;
M03BA;Karbaamhappe estrid;
M03BA01;fenprobamaat;
M03BA02;karisoprodool;
M03BA03;metokarbamool;
M03BA04;stüramaat;
M03BA05;febarbamaat;
M03BB;Oksasooli, tiasiini ja triasiini derivaadid;
M03BB02;kloormesanoon;
M03BB03;kloorsoksasoon;
M03BC;Antihistamiinsetele ainetele keemiliselt sarnased eetrid;
M03BC01;orfenadriin;
M03BC80;orfenadriin+paratsetamool;
M03BX;Teised tsentraalse toimega müorelaksandid;
M03BX01;baklofeen;
M03BX02;tisanidiin;
M03BX03;pridinool;
M03BX04;tolperisoon;
M03BX05;tiokolhikosiid;
M03BX06;mefenesiin;
M03BX07;tetrasepaam;
M03BX08;tsüklobensapriin;
M03BX30;fenüramidool;
M03C;OTSESE TOIMEGA MÜORELAKSANDID;
M03CA;Dantroleen ja selle derivaadid;
M03CA01;dantroleen;
M04;PODAGRAVASTASED PREPARAADID;
M04A;PODAGRAVASTASED PREPARAADID;
M04AA;Kusihappe moodustumist inhibeerivad preparaadid;
M04AA01;allopurinool;
M04AA02;tisopuriin;
M04AA03;febuksostaat;
M04AA81;allopurinool+lesinuraad;
M04AB;Kusihappe eritumist suurendavad preparaadid;
M04AB01;probenetsiid;
M04AB02;sulfiinpürasoon;
M04AB03;bensbromaroon;
M04AB04;isobromindioon;
M04AB05;lesinuraad;
M04AC;Kusihappe metabolismi mittetoimivad preparaadid;
M04AC01;kolhitsiin;
M04AC02;tsinhofeen;
M04AX;Teised podagravastased preparaadid;
M04AX02;peglotikaas;
M05;LUUHAIGUSTE RAVIKS KASUTATAVAD AINED;
M05B;LUU STRUKTUURI JA MINERALISATSIOONI MÕJUTAVAD AINED;
M05BA;Bisfosfonaadid;
M05BA01;etidroonhape;
M05BA02;klodroonhape;
M05BA03;pamidroonhape;
M05BA04;alendroonhape;
M05BA05;tiludroonhape;
M05BA06;ibandroonhape;
M05BA07;risedroonhape;
M05BA08;zoledroonhape;
M05BB;Bisfosfonaatide kombinatsioonid;
M05BB03;alendroonhape+kolekaltsiferool;
M05BB04;risedroonhape+kaltsiumkarbonaat+kolekaltsiferool;
M05BB05;alendroonhape+kaltsium+kolekaltsiferool;
M05BB06;alendroonhape+alfakaltsidool;
M05BC;Luu morfogeneetilised proteiinid;
M05BC01;alfadibotermiin;
M05BC02;alfaeptotermiin;
M05BX;Teised luu struktuuri ja mineralisatsiooni mõjutavad ained;
M05BX01;ipriflavoon;
M05BX02;alumiiniumklorohüdraat;
M05BX03;strontsiumranelaat;
M05BX04;denosumab;
M05BX05;burosumab;
M05BX06;romosozumab;
M05BX07;vosoritiid;
M09;TEISED SKELETI-LIHASSÜSTEEMI HÄIRETE KORRAL KASUTATAVAD AINED;
M09A;TEISED SKELETI-LIHASSÜSTEEMI HÄIRETE KORRAL KASUTATAVAD AINED;
M09AA;Kiniin ja selle derivaadid;
M09AA01;hüdrokiniin;
M09AA80;kiniin+meprobamaat;
M09AB;Ensüümid;
M09AB01;kümopapaiin;
M09AB02;clostridium histolyticum'i kollagenaas;
M09AX;Teised skeleti-lihassüsteemi häirete korral kasutatavad ained;
M09AX01;hüaluroonhape;
M09AX02;autoloogsed kondrotsüüdid;
M09AX03;atalureen;
M09AX07;nusinerseen;
M09AX09;onasemnogeen abeparvovek;
M09AX10;risdiplaam;
M09AX80;polüakrüülamiid;
N;NÄRVISÜSTEEM;
N01;ANESTEETIKUMID;
N01A;ÜLDANESTEETIKUMID;
N01AA;Eetrid;
N01AA01;narkoosieeter;
N01AB;Halogeenitud süsivesinikud;
N01AB01;halotaan;
N01AB04;enfluraan;
N01AB05;trikloroetüleen;
N01AB06;isofluraan;
N01AB07;desfluraan;
N01AB08;sevofluraan;
N01AF;Barbituraadid;
N01AF01;metoheksitaal;
N01AF02;heksobarbitaal;
N01AF03;tiopentaal;
N01AG;Barbituraatide kombinatsioonid teiste ainetega;
N01AH;Opioidanesteetikumid;
N01AH01;fentanüül;
N01AH02;alfentaniil;
N01AH03;sufentaniil;
N01AH04;fenoperidiin;
N01AH05;anileridiin;
N01AH06;remifentaniil;
N01AH80;fentanüül+bupivakaiin;
N01AX;Teised üldanesteetikumid;
N01AX03;ketamiin;
N01AX04;propanidiid;
N01AX05;alfaksaloon;
N01AX07;etomidaat;
N01AX10;propofool;
N01AX11;naatriumoksübaat;
N01AX13;dilämmastikoksiid;
N01AX14;esketamiin;
N01AX80;dilämmastikoksiid+hapnik;
N01B;LOKAALANESTEETIKUMID;
N01BA;Aminobensoehappe estrid;
N01BA02;prokaiin;
N01BA03;tetrakaiin;
N01BA04;kloroprokaiin;
N01BA05;bensokaiin;
N01BB;Amiidid;
N01BB01;bupivakaiin;
N01BB02;lidokaiin;
N01BB03;mepivakaiin;
N01BB04;prilokaiin;
N01BB05;butanilikaiin;
N01BB06;tsinhokaiin;
N01BB07;etidokaiin;
N01BB08;artikaiin;
N01BB09;ropivakaiin;
N01BB10;levobupivakaiin;
N01BB58;artikaiin+epinefriin (adrenaliin);
N01BB59;bupivakaiin+meloksikaam;
N01BB80;artikaiin+epinefriin (adrenaliin);
N01BB81;bupivakaiin+epinefriin (adrenaliin);
N01BB82;lidokaiin+epinefriin (adrenaliin);
N01BB83;lidokaiin+prilokaiin;
N01BB85;prilokaiin+felüpressiin;
N01BB86;lidokaiin+kloorheksidiin;
N01BB87;mepivakaiin+epinefriin (adrenaliin);
N01BB89;lidokaiin+norepinefriin (noradrenaliin);
N01BB91;lidokaiin+efedriin+arseentrioksiid;
N01BB92;lidokaiin+kloorheksidiin+metüülparahüdroksübensoaat+propüülparahüdroksübensoaat;
N01BC;Bensoehappe estrid;
N01BC01;kokaiin;
N01BX;Teised lokaalanesteetikumid;
N01BX02;dükloniin;
N01BX03;fenool;
N01BX04;kapsaitsiin;
N02;ANALGEETIKUMID;
N02A;OPIOIDID;
N02AA;Looduslikud oopiumi alkaloidid;
N02AA01;morfiin;
N02AA03;hüdromorfoon;
N02AA04;nikomorfiin;
N02AA05;oksükodoon;
N02AA08;dihüdrokodeiin;
N02AA11;oksümorfoon;
N02AA55;oksükodoon+naloksoon;
N02AA82;oripaviin;
N02AB;Fenüülpiperidiini derivaadid;
N02AB01;ketobemidoon;
N02AB02;petidiin;
N02AB03;fentanüül;
N02AB80;trimeperidiin;
N02AC;Difenüülpropüülamiini derivaadid;
N02AC01;dekstromoramiid;
N02AC03;piritramiid;
N02AC04;dekstropropoksüfeen;
N02AC05;besitramiid;
N02AD;Bensomorfaani derivaadid;
N02AD01;pentasotsiin;
N02AD02;fenasotsiin;
N02AE;Oripaviini derivaadid;
N02AE01;buprenorfiin;
N02AF;Morfinaani derivaadid;
N02AF01;butorfanool;
N02AF02;nalbufiin;
N02AG;Opioidide ja spasmolüütikumide kombinatsioonid;
N02AJ;Opioidide kombinatsioonid mitteopioidsete analgeetikumidega;
N02AJ06;kodeiin+paratsetamool;
N02AJ08;kodeiin+ibuprofeen;
N02AJ13;tramadool+paratsetamool;
N02AJ14;tramadool+deksketoprofeen;
N02AX;Teised opioidid;
N02AX01;tilidiin;
N02AX02;tramadool;
N02AX03;desotsiin;
N02AX06;tapentadool;
N02AX51;tilidiin+naloksoon;
N02B;TEISED ANALGEETIKUMID JA ANTIPÜREETIKUMID;
N02BA;Salitsüülhape ja selle derivaadid;
N02BA01;atsetüülsalitsüülhape;
N02BA02;aloksipriin;
N02BA04;naatriumsalitsülaat;
N02BA05;salitsüülamiid;
N02BA07;etensamiid;
N02BA08;morfoliinsalitsülaat;
N02BA09;dipürotsetüül;
N02BA10;benorilaat;
N02BA11;diflunisaal;
N02BA14;guatsetisaal;
N02BA15;kaltsiumkarbasalaat;
N02BA16;imidasoolsalitsülaat;
N02BA80;atsetüülsalitsüülhape+askorbiinhape;
N02BA81;atsetüülsalitsüülhape+magneesiumhüdroksiid;
N02BA82;atsetüülsalitsüülhape+fenatsetiin+kofeiin;
N02BA83;atsetüülsalitsüülhape+paratsetamool+kofeiin+sidrunhape;
N02BA85;atsetüülsalitsüülhape+askorbiinhape+kofeiin;
N02BA89;atsetüülsalitsüülhape+glütsiin;
N02BA90;atsetüülsalitsüülhape+magneesiumhüdroksiid+kodeiin;
N02BA91;atsetüülsalitsüülhape+kloorfenamiin+fenüülpropanoolamiin;
N02BA92;atsetüülsalitsüülhape+metoklopramiid;
N02BB;Pürasoloonid;
N02BB01;fenasoon;
N02BB02;naatriummetamisool;
N02BB03;aminofenasoon;
N02BB04;propüfenasoon;
N02BB05;nifenasoon;
N02BB82;naatriummetamisool+fenobarbitaal+kodeiin+aminofenasoon;
N02BB83;naatriummetamisool+tsüanokobalamiin+püridoksiin+tiamiin;
N02BB84;naatriummetamisool+kofeiin+tiamiin;
N02BB85;naatriummetamisool+kiniin;
N02BB86;naatriummetamisool+pitofenoon;
N02BE;Aniliidid;
N02BE01;paratsetamool;
N02BE03;fenatsetiin;
N02BE04;butsetiin;
N02BE52;paratsetamool+pseudoefedriin+difenhüdramiin;
N02BE68;paratsetamool+atsetüültsüsteiin;
N02BE69;paratsetamool+guaifenesiin+fenüülefriin+tsetüülpüridiinkloriid;
N02BE70;paratsetamool+ibuprofeen;
N02BE72;paratsetamool+kofeiin+guaifenesiin;
N02BE75;paratsetamool+guaifenesiin+fenüülefriin;
N02BE76;paratsetamool+kofeiin+fenüülefriin;
N02BE77;paratsetamool+fenüülefriin+kloorfenamiin;
N02BE78;paratsetamool+fenüülefriin+feniramiin;
N02BE79;paratsetamool+kloorfenamiin;
N02BE80;paratsetamool+difenhüdramiin;
N02BE81;paratsetamool+kloorfenamiin+pseudoefedriin+dekstrometorfaan;
N02BE82;paratsetamool+doksülamiin+pseudoefedriin+dekstrometorfaan;
N02BE83;paratsetamool+kofeiin;
N02BE84;paratsetamool+fenüülefriin+askorbiinhape;
N02BE85;paratsetamool+feniramiin+askorbiinhape;
N02BE86;paratsetamool+fenüülefriin+terpiinhüdraat+askorbiinhape+kofeiin;
N02BE87;paratsetamool+pseudoefedriin;
N02BE88;paratsetamool+dekstropropoksüfeen;
N02BE89;paratsetamool+pseudoefedriin+kloorfenamiin;
N02BE90;paratsetamool+prometasiin+dekstrometorfaan;
N02BE91;paratsetamool+askorbiinhape;
N02BE92;paratsetamool+kodeiin;
N02BE93;paratsetamool+kloorfenamiin+askorbiinhape;
N02BE94;paratsetamool+kodeiin+kofeiin;
N02BE95;paratsetamool+fenüülefriin;
N02BE96;paratsetamool+askorbiinhape+kofeiin+kloorfenamiin;
N02BE97;paratsetamool+pseudoefedriin+dekstrometorfaan;
N02BE98;paratsetamool+guaifenesiin+pseudoefedriin+dekstrometorfaan;
N02BE99;paratsetamool+dekstrometorfaan;
N02BF;Gabapentinoidid;
N02BF01;gabapentiin;
N02BF02;pregabaliin;
N02BG;Teised analgeetikumid ja antipüreetikumid;
N02BG02;rimasooliummetüülsulfaat;
N02BG03;glafeniin;
N02BG04;floktafeniin;
N02BG05;viminool;
N02BG06;nefopaam;
N02BG07;flupirtiin;
N02BG08;zikonotiid;
N02BG09;metoksüfluraan;
N02BG10;kannabinoidid;
N02BG80;delta-9-tetrahüdrokannabinool+kannabidiool;
N02C;MIGREENIVASTASED PREPARAADID;
N02CA;Tungaltera alkaloidid;
N02CA01;dihüdroergotamiin;
N02CA02;ergotamiin;
N02CA04;metüsergiid;
N02CA07;lisuriid;
N02CA80;ergotamiin+kofeiin;
N02CA82;ergotamiin+kloortsüklisiin+kofeiin;
N02CA83;ergotamiin+kloortsüklisiin+meprobamaat+kofeiin;
N02CB;Kortikosteroidide derivaadid;
N02CB01;flumedroksoon;
N02CC;Selektiivsed serotoniini (5HT1) agonistid;
N02CC01;sumatriptaan;
N02CC02;naratriptaan;
N02CC03;zolmitriptaan;
N02CC04;risatriptaan;
N02CC05;almotriptaan;
N02CC06;eletriptaan;
N02CC07;frovatriptaan;
N02CC08;lasmiditaan;
N02CC80;sumatriptaan+naprokseen;
N02CD;Kaltsitoniini geeniga seotud peptiidi (CGRP) antagonistid;
N02CD01;erenumab;
N02CD02;galkanezumab;
N02CD03;fremanezumab;
N02CD05;eptinezumab;
N02CD06;rimegepant;
N02CD07;atogepant;
N02CX;Teised migreenivastased preparaadid;
N02CX01;pisotifeen;
N02CX02;klonidiin;
N02CX03;iprasokroom;
N02CX05;dimetotiasiin;
N02CX06;oksetoroon;
N03;EPILEPSIAVASTASED AINED;
N03A;EPILEPSIAVASTASED AINED;
N03AA;Barbituraadid ja nende derivaadid;
N03AA01;metüülfenobarbitaal;
N03AA02;fenobarbitaal;
N03AA03;primidoon;
N03AA04;barbeksakloon;
N03AA30;metarbitaal;
N03AA80;bensobarbitaal;
N03AB;Hüdantoiini derivaadid;
N03AB01;etotoiin;
N03AB02;fenütoiin;
N03AB04;mefenütoiin;
N03AB05;fosfenütoiin;
N03AC;Oksasolidiini derivaadid;
N03AC01;parametadioon;
N03AC02;trimetadioon;
N03AD;Suktsiinimiidi derivaadid;
N03AD01;etosuksimiid;
N03AD02;fensuksimiid;
N03AD03;mesuksimiid;
N03AE;Bensodiasepiini derivaadid;
N03AE01;klonasepaam;
N03AF;Karboksamiidi derivaadid;
N03AF01;karbamasepiin;
N03AF02;okskarbasepiin;
N03AF03;rufinamiid;
N03AF04;eslikarbasepiin;
N03AG;Rasvhappe derivaadid;
N03AG01;valproehape;
N03AG02;valpromiid;
N03AG03;aminovõihape;
N03AG04;vigabatriin;
N03AG05;progabiid;
N03AG06;tiagabiin;
N03AX;Teised epilepsiavastased ained;
N03AX03;sultiaam;
N03AX07;fenatsemiid;
N03AX09;lamotrigiin;
N03AX10;felbamaat;
N03AX11;topiramaat;
N03AX13;feneturiid;
N03AX14;levetiratsetaam;
N03AX15;zonisamiid;
N03AX17;stiripentool;
N03AX18;lakosamiid;
N03AX21;retigabiin;
N03AX22;perampaneel;
N03AX23;brivaratsetaam;
N03AX24;kannabidiool;
N03AX25;tsenobamaat;
N03AX26;fenfluramiin;
N03AX27;ganaksoloon;
N03AX30;beklamiid;
N04;PARKINSONISMIVASTASED AINED;
N04A;ANTIKOLINERGILISED AINED;
N04AA;Tertsiaarsed amiinid;
N04AA01;triheksüfenidüül;
N04AA02;biperideen;
N04AA03;metikseen;
N04AA04;protsüklidiin;
N04AA05;profenamiin;
N04AA08;deksetimiid;
N04AA09;fenglutaarimiid;
N04AA10;masatikool;
N04AA11;bornapriin;
N04AA12;tropatepiin;
N04AB;Antihistamiinsetele ainetele keemiliselt sarnased eetrid;
N04AB02;orfenadriin;
N04AC;Tropiini või selle derivaatide eetrid;
N04AC01;bensatropiin;
N04AC30;etübensatropiin;
N04B;DOPAMINERGILISED AINED;
N04BA;Dopa ja selle derivaadid;
N04BA01;levodopa;
N04BA02;levodopa+dekarboksülaasi inhibiitor;
N04BA03;levodopa+karbidopa+entakapoon;
N04BA80;levodopa+benserasiid;
N04BA81;levodopa+karbidopa;
N04BA82;foslevodopa+foskarbidopa;
N04BB;Adamantaani derivaadid;
N04BB01;amantadiin;
N04BC;Dopamiini agonistid;
N04BC01;bromokriptiin;
N04BC02;pergoliid;
N04BC04;ropinirool;
N04BC05;pramipeksool;
N04BC06;kabergoliin;
N04BC07;apomorfiin;
N04BC08;piribediil;
N04BC09;rotigotiin;
N04BD;Monoamiini oksüdaasi B (MAO-B) inhibiitorid;
N04BD01;selegiliin;
N04BD02;rasagiliin;
N04BD03;safinamiid;
N04BX;Teised dopaminergilised ained;
N04BX01;tolkapoon;
N04BX02;entakapoon;
N04BX04;opikapoon;
N04C;TEISED PARKINSONISMIVASTASED AINED;
N04CX;Teised parkinsonismivastased ained;
N05;PSÜHHOLEPTIKUMID;
N05A;ANTIPSÜHHOOTILISED AINED;
N05AA;Alifaatse külgahelaga fenotiasiinid;
N05AA01;kloorpromasiin;
N05AA02;levomepromasiin;
N05AA03;promasiin;
N05AA04;atsepromasiin;
N05AA05;triflupromasiin;
N05AA06;tsüamemasiin;
N05AA07;kloorproetasiin;
N05AB;Piperasiini struktuuriga fenotiasiinid;
N05AB01;diksürasiin;
N05AB02;flufenasiin;
N05AB03;perfenasiin;
N05AB04;prokloorperasiin;
N05AB05;tiopropasaat;
N05AB06;trifluoperasiin;
N05AB07;atsetofenasiin;
N05AB08;tioproperasiin;
N05AB09;butaperasiin;
N05AC;Piperidiini struktuuriga fenotiasiinid;
N05AC01;peritsiasiin;
N05AC02;tioridasiin;
N05AC03;mesoridasiin;
N05AC04;pipotiasiin;
N05AD;Butürofenooni derivaadid;
N05AD01;haloperidool;
N05AD02;trifluperidool;
N05AD03;melperoon;
N05AD04;moperoon;
N05AD05;pipamperoon;
N05AD06;bromperidool;
N05AD07;benperidool;
N05AD08;droperidool;
N05AD09;fluanisoon;
N05AE;Indooli derivaadid;
N05AE01;oksüpertiin;
N05AE02;molindoon;
N05AE03;sertindool;
N05AE04;ziprasidoon;
N05AE05;lurasidoon;
N05AF;Tioksanteeni derivaadid;
N05AF01;flupentiksool;
N05AF02;klopentiksool;
N05AF03;kloorprotikseen;
N05AF04;tiotikseen;
N05AF05;zuklopentiksool;
N05AG;Difenüülbutüülpiperidiini derivaadid;
N05AG01;fluspirileen;
N05AG02;pimosiid;
N05AG03;penfluridool;
N05AH;Diasepiinid, oksasepiinid, tiasepiinid ja oksepiinid;
N05AH01;loksapiin;
N05AH02;klosapiin;
N05AH03;olansapiin;
N05AH04;kvetiapiin;
N05AH05;asenapiin;
N05AH06;klotiapiin;
N05AL;Bensamiidid;
N05AL01;sulpiriid;
N05AL02;sultopriid;
N05AL03;tiapriid;
N05AL04;remoksipriid;
N05AL05;amisulpriid;
N05AL06;veralipriid;
N05AN;Liitium;
N05AN01;liitium;
N05AX;Teised antipsühhootilised ained;
N05AX07;protipendüül;
N05AX08;risperidoon;
N05AX10;mosapramiin;
N05AX11;zotepiin;
N05AX12;aripiprasool;
N05AX13;paliperidoon;
N05AX15;kariprasiin;
N05AX16;brekspiprasool;
N05B;ANKSIOLÜÜTIKUMID;
N05BA;Bensodiasepiini derivaadid;
N05BA01;diasepaam;
N05BA02;kloordiasepoksiid;
N05BA03;medasepaam;
N05BA04;oksasepaam;
N05BA05;dikaaliumkloorasepaat;
N05BA06;lorasepaam;
N05BA07;adinasolaam;
N05BA08;bromasepaam;
N05BA09;klobasaam;
N05BA10;ketasolaam;
N05BA11;prasepaam;
N05BA12;alprasolaam;
N05BA13;halasepaam;
N05BA14;pinasepaam;
N05BA15;kamasepaam;
N05BA16;nordasepaam;
N05BA17;fludiasepaam;
N05BA18;etüülloflasepaat;
N05BA19;etisolaam;
N05BA21;klotiasepaam;
N05BA22;kloksasolaam;
N05BA23;tofisopaam;
N05BA80;fenasepaam;
N05BB;Difenüülmetaani derivaadid;
N05BB01;hüdroksüsiin;
N05BB02;kaptodiaam;
N05BC;Karbamaadid;
N05BC01;meprobamaat;
N05BC03;emüülkamaat;
N05BC04;mebutamaat;
N05BD;Dibensobitsüklooktadieeni derivaadid;
N05BD01;bensoktamiin;
N05BE;Asaspirodekanediooni derivaadid;
N05BE01;buspiroon;
N05BX;Teised anksiolüütikumid;
N05BX01;mefenoksaloon;
N05BX02;gedokarniil;
N05BX03;etifoksiin;
N05BX05;lavendliõli;
N05C;UINUTID JA RAHUSTID;
N05CA;Barbituraadid;
N05CA01;pentobarbitaal;
N05CA02;amobarbitaal;
N05CA03;butobarbitaal;
N05CA04;barbitaal;
N05CA05;aprobarbitaal;
N05CA06;sekobarbitaal;
N05CA07;talbutaal;
N05CA08;vinüülbitaal;
N05CA09;vinbarbitaal;
N05CA10;tsüklobarbitaal;
N05CA15;metoheksitaal;
N05CA16;heksobarbitaal;
N05CA19;tiopentaal;
N05CA21;allobarbitaal;
N05CA22;proksibarbaal;
N05CB;Barbituraatide kombinatsioonid;
N05CB80;butobarbitaal+ergotoksiin;
N05CC;Aldehüüdid ja nende derivaadid;
N05CC01;kloraalhüdraat;
N05CC02;kloralodool;
N05CC04;dikloraalfenasoon;
N05CC05;paraldehüüd;
N05CD;Bensodiasepiini derivaadid;
N05CD01;flurasepaam;
N05CD02;nitrasepaam;
N05CD03;flunitrasepaam;
N05CD04;estasolaam;
N05CD05;triasolaam;
N05CD06;lormetasepaam;
N05CD07;temasepaam;
N05CD08;midasolaam;
N05CD09;brotisolaam;
N05CD10;kvasepaam;
N05CD11;loprasolaam;
N05CD12;doksefasepaam;
N05CD13;tsinolasepaam;
N05CD14;remimasolaam;
N05CE;Piperidiindiooni derivaadid;
N05CE01;gluteetimiid;
N05CE02;metüprüloon;
N05CE03;püritüüldioon;
N05CF;Bensodiasepiinisarnased ained;
N05CF01;zopikloon;
N05CF02;zolpideem;
N05CF03;zaleploon;
N05CF04;eszopikloon;
N05CH;Melatoniiniretseptori agonistid;
N05CH01;melatoniin;
N05CH03;tasimelteoon;
N05CM;Teised uinutid ja rahustid;
N05CM01;metakvaloon;
N05CM02;klometiasool;
N05CM03;bromisovaal;
N05CM04;karbromaal;
N05CM05;skopolamiin;
N05CM06;propiomasiin;
N05CM07;triklofos;
N05CM08;etkloorvünool;
N05CM09;palderjanijuur;
N05CM10;heksapropümaat;
N05CM13;valnoktamiid;
N05CM15;metüülpentünool;
N05CM16;niaprasiin;
N05CM18;deksmedetomidiin;
N05CM81;belladonnaekstrakt+piibelehetinktuur+palderjanitinktuur+mentool;
N05CM82;fenobarbitaal+taimsed preparaadid+piparmündiõli;
N05CM83;fenobarbitaal+taimsed preparaadid;
N05CM84;doksülamiin;
N05CM85;veiste-südamerohuürt;
N05CM86;daridoreksant;
N05CX;Uinutite ja rahustite kombinatsioonid, v.a barbituraatidega;
N06;PSÜHHOANALEPTIKUMID;
N06A;ANTIDEPRESSANDID;
N06AA;Mitteselektiivsed monoamiini tagasihaarde inhibiitorid;
N06AA01;desipramiin;
N06AA02;imipramiin;
N06AA03;imipramiinoksiid;
N06AA04;klomipramiin;
N06AA05;opipramool;
N06AA06;trimipramiin;
N06AA07;lofepramiin;
N06AA08;dibensepiin;
N06AA09;amitriptüliin;
N06AA10;nortriptüliin;
N06AA11;protriptüliin;
N06AA12;doksepiin;
N06AA13;iprindool;
N06AA14;melitratseen;
N06AA15;butriptüliin;
N06AA16;dosulepiin;
N06AA17;amoksapiin;
N06AA18;dimetakriin;
N06AA19;amineptiin;
N06AA21;maprotiliin;
N06AA23;kvinupramiin;
N06AB;Selektiivsed serotoniini tagasihaarde inhibiitorid;
N06AB02;zimeldiin;
N06AB03;fluoksetiin;
N06AB04;tsitalopraam;
N06AB05;paroksetiin;
N06AB06;sertraliin;
N06AB07;alaproklaat;
N06AB08;fluvoksamiin;
N06AB09;etoperidoon;
N06AB10;estsitalopraam;
N06AF;Mitteselektiivsed monoamiini oksüdaasi (MAO) inhibiitorid;
N06AF01;isokarboksasiid;
N06AF02;nialamiid;
N06AF03;fenelsiin;
N06AF04;tranüültsüpromiin;
N06AF05;iproniasiid;
N06AG;Monoamiini oksüdaasi A (MAO-A) inhibiitorid;
N06AG02;moklobemiid;
N06AG03;toloksatoon;
N06AX;Teised antidepressandid;
N06AX01;oksütriptaan;
N06AX02;trüptofaan;
N06AX03;mianseriin;
N06AX04;nomifensiin;
N06AX05;trasodoon;
N06AX06;nefasodoon;
N06AX07;minapriin;
N06AX08;bifemelaan;
N06AX09;viloksasiin;
N06AX10;oksaflosaan;
N06AX11;mirtasapiin;
N06AX12;bupropioon;
N06AX13;medifoksamiin;
N06AX14;tianeptiin;
N06AX15;pivagabiin;
N06AX16;venlafaksiin;
N06AX17;milnatsipraan;
N06AX18;reboksetiin;
N06AX21;duloksetiin;
N06AX22;agomelatiin;
N06AX26;vortioksetiin;
N06AX27;esketamiin;
N06B;PSÜHHOSTIMULAATORID, AKTIIVSUS- JA TÄHELEPANUHÄIRE (ADHD) RAVIKS KASUTATAVAD AINED JA NOOTROOPIKUMID;
N06BA;Tsentraalse toimega sümpatomimeetikumid;
N06BA01;amfetamiin;
N06BA02;deksamfetamiin;
N06BA03;metamfetamiin;
N06BA04;metüülfenidaat;
N06BA05;pemoliin;
N06BA06;fenkamfamiin;
N06BA07;modafiniil;
N06BA08;fenosoloon;
N06BA09;atomoksetiin;
N06BA11;deksmetüülfenidaat;
N06BA12;lisdeksamfetamiindimesülaat;
N06BA14;solriamfetool;
N06BA80;mesokarb;
N06BC;Ksantiini derivaadid;
N06BC01;kofeiin;
N06BC80;kofeiinnaatriumbensoaat;
N06BC81;kofeiintsitraat;
N06BX;Teised psühhostimulaatorid ja nootroopikumid;
N06BX01;meklofenoksaat;
N06BX02;püritinool;
N06BX03;piratsetaam;
N06BX04;deanool atseglumaat;
N06BX05;fipeksiid;
N06BX06;tsitikoliin;
N06BX07;oksüratsetaam;
N06BX08;pirisudanool;
N06BX09;linopirdiin;
N06BX10;nisofenoon;
N06BX11;aniratsetaam;
N06BX13;idebenoon;
N06BX14;prolintaan;
N06BX15;pipradrool;
N06BX16;pramiratsetaam;
N06BX17;adrafiniil;
N06BX18;vinpotsetiin;
N06BX21;temgikoluriil;
N06BX80;piratsetaam+tsinnarisiin;
N06BX82;pikamiloon;
N06BX83;aminovõihape;
N06C;PSÜHHOLEPTIKUMIDE JA PSÜHHOANALEPTIKUMIDE KOMBINATSIOONID;
N06CA;Antidepressantide kombinatsioonid psühholeptikumidega;
N06CB;Psühhostimulaatorite kombinatsioonid psühholeptikumidega;
N06D;DEMENTSUSEVASTASED AINED;
N06DA;Antikoliinesteraasid;
N06DA01;takriin;
N06DA02;donepesiil;
N06DA03;rivastigmiin;
N06DA04;galantamiin;
N06DA05;ipidakriin;
N06DX;Teised dementsusevastased ained;
N06DX01;memantiin;
N06DX02;hõlmikpuulehed;
N06DX04;lekanemab;
N06DX80;tserebrolüsiin;
N07;TEISED NÄRVISÜSTEEMI TOIMIVAD AINED;
N07A;PARASÜMPATOMIMEETIKUMID;
N07AA;Antikoliinesteraasid;
N07AA01;neostigmiin;
N07AA02;püridostigmiinbromiid;
N07AA03;distigmiinbromiid;
N07AA30;ambenoon;
N07AA80;neostigmiin+glükopürroonium;
N07AB;Koliini estrid;
N07AB01;karbakool;
N07AB02;betanekool;
N07AX;Teised parasümpatomimeetikumid;
N07AX01;pilokarpiin;
N07AX02;koliinalfostseraat;
N07B;SÕLTUVUSHÄIRETE RAVIKS KASUTATAVAD AINED;
N07BA;Nikotiinisõltuvuse raviks kasutatavad ained;
N07BA01;nikotiin;
N07BA03;varenikliin;
N07BA04;tsütisinikliin;
N07BB;Alkoholisõltuvuse raviks kasutatavad ained;
N07BB01;disulfiraam;
N07BB02;kaltsiumkarbimiid;
N07BB03;akamprosaat;
N07BB04;naltreksoon;
N07BB05;nalmefeen;
N07BC;Opioidisõltuvuse raviks kasutatavad ained;
N07BC01;buprenorfiin;
N07BC02;metadoon;
N07BC05;levometadoon;
N07BC51;buprenorfiin+naloksoon;
N07C;PEAPÖÖRITUSEVASTASED PREPARAADID;
N07CA;Peapööritusevastased preparaadid;
N07CA01;beetahistiin;
N07CA02;tsinnarisiin;
N07CA03;flunarisiin;
N07CA04;atsetüülleutsiin;
N07CA52;tsinnarisiini kombinatsioonid;
N07CA80;tsinnarisiin+dimenhüdrinaat;
N07X;TEISED NÄRVISÜSTEEMI TOIMIVAD AINED;
N07XA;Gangliosiidid ja nende derivaadid;
N07XX;Teised närvisüsteemi toimivad ained;
N07XX01;tirilasaad;
N07XX02;rilusool;
N07XX04;naatriumoksübaat;
N07XX05;amifampridiin;
N07XX06;tetrabenasiin;
N07XX07;fampridiin;
N07XX08;tafamidis;
N07XX11;pitolisant;
N07XX12;patisiraan;
N07XX14;edaravoon;
N07XX15;inoterseen;
N07XX18;vutrisiraan;
N07XX22;toferseen;
N07XX80;dekstrometorfaan+kinidiin;
N07XX82;elivaldogeenautotemtseel;
P;PARASIIDIVASTASED AINED, INSEKTITSIIDID JA REPELLENDID;
P01;ALGLOOMADE VASTASED AINED;
P01A;AMÖÖBIVASTASED JA TEISTE ALGLOOMADE VASTASED AINED;
P01AA;Hüdroksükinoliini derivaadid;
P01AA01;broksükinoliin;
P01AA02;kliokvinool;
P01AA04;kloorkvinaldool;
P01AA05;tilbrokvinool;
P01AB;Nitroimidasooli derivaadid;
P01AB01;metronidasool;
P01AB02;tinidasool;
P01AB03;ornidasool;
P01AB04;asanidasool;
P01AB05;propenidasool;
P01AB06;nimorasool;
P01AB07;seknidasool;
P01AC;Dikloroatsetamiidi derivaadid;
P01AC01;diloksaniid;
P01AC02;klefamiid;
P01AC03;etofamiid;
P01AC04;teklosaan;
P01AR;Arseeniühendid;
P01AR01;arstinool;
P01AR02;difetarsoon;
P01AR03;glükobiarsool;
P01AX;Teised amööbivastased ja teiste algloomade vastased ained;
P01AX01;kiniofoon;
P01AX04;fankvinoon;
P01AX05;mepakriin;
P01AX06;atovakvoon;
P01AX07;trimetreksaat;
P01AX08;tenonitrosool;
P01AX11;nitasoksaniid;
P01B;MALAARIAVASTASED AINED;
P01BA;Aminokinoliinid;
P01BA01;klorokviin;
P01BA02;hüdroksüklorokviin;
P01BA03;primakviin;
P01BA06;amodiakviin;
P01BB;Biguaniidid;
P01BB01;proguaniil;
P01BB02;tsükloguaniilembonaat;
P01BB51;proguaniil+atovakvoon;
P01BC;Metanoolkinoliinid;
P01BC01;kiniin;
P01BC02;meflokviin;
P01BD;Diaminopürimidiinid;
P01BD01;pürimetamiin;
P01BD80;pürimetamiin+sulfadoksiin;
P01BE;Artemisiniin ja selle derivaadid;
P01BE03;artesunaat;
P01BF;Artemisiniin ja selle derivaadid, kombinatsioonid;
P01BF01;artemeeter+lumefantriin;
P01BF05;artenimool+piperakviintetrafosfaat;
P01BX;Teised malaariavastased ained;
P01BX01;halofantriin;
P01C;LEIÐMANIAASI- JA TRÜPANOSOMIAASIVASTASED AINED;
P01CA;Nitroimidasooli derivaadid;
P01CA02;bensnidasool;
P01CB;Antimoniühendid;
P01CB01;meglumiin;
P01CB02;naatriumantimonglükonaat;
P01CC;Nitrofuraani derivaadid;
P01CC01;nifurtimoks;
P01CC02;nitrofuraal;
P01CD;Arseeniühendid;
P01CD01;melarsoprool;
P01CD02;atsetarsool;
P01CX;Teised leiðmaniaasi- ja trüpanosomiaasivastased ained;
P01CX01;pentamidiinisetionaat;
P01CX02;naatriumsuramiin;
P01CX03;eflornitiin;
P01CX04;miltefosiin;
P02;ANTHELMINTIKUMID;
P02B;LAMEUSSIDE VASTASED AINED;
P02BA;Kinoliini derivaadid ja sarnased ained;
P02BA01;prasikvanteel;
P02BA02;oksamnikviin;
P02BB;Fosfororgaanilised ühendid;
P02BB01;metrifonaat;
P02BX;Teised lameusside vastased ained;
P02BX01;bitionool;
P02BX02;niridasool;
P02C;ÜMARUSSIDE VASTASED AINED;
P02CA;Bensimidasooli derivaadid;
P02CA01;mebendasool;
P02CA02;tiabendasool;
P02CA03;albendasool;
P02CA04;tsüklobendasool;
P02CA05;flubendasool;
P02CA06;fenbendasool;
P02CB;Piperasiin ja selle derivaadid;
P02CB01;piperasiinkaltsiumedetaat;
P02CB02;dietüülkarbamasiin;
P02CC;Tetrahüdropürimidiini derivaadid;
P02CC01;püranteel;
P02CC02;oksanteel;
P02CE;Imidasotiasooli derivaadid;
P02CE01;levamisool;
P02CF;Avermektiinid;
P02CF01;ivermektiin;
P02CX;Teised ümarusside vastased ained;
P02CX01;pürviiniumkloriid;
P02CX02;befeeniumhüdroksünaftoaat;
P02D;PAELUSSIDE VASTASED AINED;
P02DA;Salitsüülhappe derivaadid;
P02DA01;niklosamiid;
P02DX;Teised paelusside vastased ained;
P02DX01;desaspidiin;
P02DX02;diklorofeen;
P03;NAHAPARASIITIDE VASTASED AINED, K.A SÜGELISTEVASTASED AINED, INSEKTITSIIDID JA REPELLENDID;
P03A;NAHAPARASIITIDE VASTASED AINED, K.A  SÜGELISTEVASTASED AINED;
P03AA;Väävlipreparaadid;
P03AA01;diksantogeen;
P03AA03;mesulfeen;
P03AA04;disulfiraam;
P03AA05;tiram;
P03AB;Klooripreparaadid;
P03AB01;klofenotaan;
P03AB02;lindaan;
P03AC;Püretriinid, k.a sünteetilised ühendid;
P03AC01;püreetrum;
P03AC02;alletriin;
P03AC03;fenotriin;
P03AC04;permetriin;
P03AC81;alletriin+piperonüülbutoksiid;
P03AC82;püreetrum+piperonüülbutoksiid;
P03AC83;permetriin+piperonüülbutoksiid+malatioon;
P03AX;Teised nahaparasiitide vastased ained, k.a sügelistevastased ained;
P03AX01;bensüülbensoaat;
P03AX03;malatioon;
P03B;INSEKTITSIIDID JA REPELLENDID;
P03BA;Püretriinid;
P03BA01;tsüflutriin;
P03BA02;tsüpermetriin;
P03BA03;dekametriin;
P03BA04;tetrametriin;
P03BA80;tetrametriin+piperonüülbutoksiid;
P03BX;Teised insektitsiidid ja repellendid;
P03BX01;dietüültoluamiid;
P03BX02;dimetüülftalaat;
P03BX03;dibutüülftalaat;
R;HINGAMISSÜSTEEM;
R01;NASAALSED PREPARAADID;
R01A;TURSEVASTASED AINED JA TEISED NASAALSED PREPARAADID PAIKSEKS KASUTAMISEKS;
R01AA;Sümpatomimeetikumid;
R01AA02;tsüklopentamiin;
R01AA04;fenüülefriin;
R01AA05;oksümetasoliin;
R01AA06;tetrüsoliin;
R01AA07;ksülometasoliin;
R01AA08;nafasoliin;
R01AA09;tramasoliin;
R01AA10;metisoliin;
R01AA11;tuaminoheptaan;
R01AA12;fenoksasoliin;
R01AB;Sümpatomimeetikumide kombinatsioonid, v.a kortikosteroididega;
R01AB80;nafasoliin+antasoliin;
R01AB83;ksülometasoliin+ipratroopiumbromiid;
R01AB84;ksülometasoliin+koliinsalitsülaat;
R01AB85;ksülometasoliin+dekspantenool;
R01AC;Antiallergilised ained, v.a kortikosteroidid;
R01AC01;kromoglütsiinhape;
R01AC02;levokabastiin;
R01AC03;aselastiin;
R01AC04;antasoliin;
R01AC05;spagluumhape;
R01AC07;nedokromiil;
R01AD;Kortikosteroidid;
R01AD01;beklometasoon;
R01AD02;prednisoloon;
R01AD03;deksametasoon;
R01AD04;flunisoliid;
R01AD05;budesoniid;
R01AD06;beetametasoon;
R01AD07;tiksokortool;
R01AD08;flutikasoon;
R01AD09;mometasoon;
R01AD11;triamtsinoloon;
R01AD12;flutikasoonfuroaat;
R01AD58;flutikasooni kombinatsioonid;
R01AD80;deksametasoon+tramasoliin;
R01AD81;flutikasoon+aselastiin;
R01AX;Teised nasaalsed preparaadid;
R01AX02;retinool;
R01AX03;ipratroopiumbromiid;
R01AX05;ritiometaan;
R01AX06;mupirotsiin;
R01AX07;heksamidiin;
R01AX83;retinool+tokoferool;
R01AX85;tokoferool+eukalüptiõli+männi eeterlik õli+tümool;
R01AX86;tokoferool+eukalüptiõli+männi eeterlik õli+tümool+mentool;
R01AX87;tokoferool+eukalüptiõli+männi eeterlik õli+tümool+piparmündiõli+guaiasuleen;
R01B;SÜSTEEMSED NINA LIMASKESTA TURSE VASTASED AINED;
R01BA;Sümpatomimeetikumid;
R01BA01;fenüülpropanoolamiin;
R01BA02;pseudoefedriin;
R01BA03;fenüülefriin;
R01BA80;fenüülpropanoolamiin+karbinoksamiin;
R01BA81;pseudoefedriin+triprolidiin;
R01BA82;fenüülefriin+karbinoksamiin;
R01BA83;pseudoefedriin+deksbroomfeniramiin;
R01BA84;pseudoefedriin+guaifenesiin;
R01BA85;pseudoefedriin+dekstrometorfaan;
R01BA86;pseudoefedriin+guaifenesiin+dekstrometorfaan;
R01BA87;fenüülpropanoolamiin+kloorfenamiin;
R01BA88;pseudoefedriin+kloorfenamiin;
R01BA89;pseudoefedriin+loratadiin;
R01BA90;pseudoefedriin+guaifenesiin+triprolidiin;
R01BA91;fenüülpropanoolamiin+kloorfenamiin+dekstrometorfaan;
R01BA92;fenüülpropanoolamiin+guaifenesiin;
R01BA93;pseudoefedriin+tsetirisiin;
R01BA94;pseudoefedriin+desloratadiin;
R02;KURGUHAIGUSTE RAVIKS KASUTATAVAD PREPARAADID;
R02A;KURGUHAIGUSTE RAVIKS KASUTATAVAD PREPARAADID;
R02AA;Antiseptilised ained;
R02AA01;ambasoon;
R02AA02;dekvaliin;
R02AA03;diklorobensüülalkohol;
R02AA05;kloorheksidiin;
R02AA06;tsetüülpüridiinkloriid;
R02AA09;bensetooniumkloriid;
R02AA11;kloorkvinaldool;
R02AA12;heksüülresortsinool;
R02AA13;akriflaviinkloriid;
R02AA15;joodpovidoon;
R02AA16;bensalkooniumkloriid;
R02AA76;kloorheksidiin+lidokaiin;
R02AA77;bensalkooniumkloriid+bensokaiin+türotritsiin;
R02AA79;bensoksooniumkloriid+lidokaiin;
R02AA80;jood+kaaliumjodiid+glütserool;
R02AA81;diklorobensüülalkohol+askorbiinhape;
R02AA82;bensüdamiin+tsetüülpüridiinkloriid;
R02AA83;kloorheksidiin+bensokaiin;
R02AA84;dekvaliin+tsetüülpüridiinkloriid+askorbiinhape;
R02AA86;heksüülresortsinool+bensalkooniumkloriid;
R02AA87;kloorheksidiin+tetrakaiin+askorbiinhape;
R02AA89;joodpovidoon+allantoiin;
R02AA90;tsetüülpüridiinkloriid+lidokaiin;
R02AA92;dekvaliin+tsinhokaiin;
R02AA93;klorobutanool+mentool+kamper+eukalüptiõli;
R02AA94;amüülmetakresool+diklorobensüülalkohol;
R02AA95;amüülmetakresool+diklorobensüülalkohol+levomentool;
R02AA96;amüülmetakresool+diklorobensüülalkohol+askorbiinhape;
R02AA97;diklorobensüülalkohol+naatriumbensoaat;
R02AA98;tsetüülpüridiinkloriid+bensokaiin;
R02AA99;bensalkooniumkloriid+eukalüptiõli+levomentool+piparmündiõli+tümool;
R02AB;Antibiootikumid;
R02AB01;neomütsiin;
R02AB02;türotritsiin;
R02AB03;fusafungiin;
R02AB04;batsitratsiin;
R02AB30;gramitsidiin;
R02AB80;türotritsiin+lidokaiin+tsetrimooniumbromiid;
R02AD;Lokaalanesteetikumid;
R02AD01;bensokaiin;
R02AD02;lidokaiin;
R02AD80;lidokaiin+propüülparahüdroksübensoaat;
R02AX;Teised kurguhaiguste raviks kasutatavad preparaadid;
R02AX01;flurbiprofeen;
R02AX03;bensüdamiin;
R02AX80;aed-liivateeürt+aedsalveileht;
R02AX81;hariliku unilooga ekstrakt;
R03;HINGAMISTEEDE OBSTRUKTIIVSETE HAIGUSTE RAVIKS KASUTATAVAD AINED;
R03A;INHALEERITAVAD ADRENERGILISED AINED;
R03AA;Alfa- ja beetaadrenomimeetikumid;
R03AA01;epinefriin (adrenaliin);
R03AB;Mitteselektiivsed beetaadrenomimeetikumid;
R03AB02;isoprenaliin;
R03AB03;ortsiprenaliin;
R03AC;Selektiivsed beeta-2-adrenomimeetikumid;
R03AC02;salbutamool;
R03AC03;terbutaliin;
R03AC04;fenoterool;
R03AC05;rimiterool;
R03AC06;heksoprenaliin;
R03AC07;isoetariin;
R03AC08;pirbuterool;
R03AC09;tretokvinool;
R03AC10;karbuterool;
R03AC11;tulobuterool;
R03AC12;salmeterool;
R03AC13;formoterool;
R03AC14;klenbuterool;
R03AC15;reproterool;
R03AC16;prokaterool;
R03AC17;bitolterool;
R03AC18;indakaterool;
R03AC19;olodaterool;
R03AH;Adrenergiliste ainete kombinatsioonid;
R03AK;Adrenergiliste ainete kombinatsioonid kortikosteroidide või teiste ainetega, v.a antikolinergilisteg;
R03AK06;salmeterool+flutikasoon;
R03AK07;formoterool+budesoniid;
R03AK08;formoterool+beklometasoon;
R03AK10;vilanterool+flutikasoonfuroaat;
R03AK13;salbutamool+beklometasoon;
R03AK14;indakaterool+mometasoonfuroaat;
R03AL;Adrenergiliste ainete kombinatsioonid antikolinergiliste ainetega, k.a kolmikkombinatsioonid kortiko;
R03AL01;fenoterool+ipratroopiumbromiid;
R03AL02;salbutamool+ipratroopiumbromiid;
R03AL03;vilanterool+umeklidiinium;
R03AL04;indakaterool+glükopürroonium;
R03AL05;formoterool+aklidiinium;
R03AL06;olodaterool+tiotroopium;
R03AL07;formoterool+glükopürroonium;
R03AL08;vilanterool+umeklidiinium+flutikasoonfuroaat;
R03AL09;formoterool+glükopürroonium+beklometasoon;
R03AL11;formoterool+glükopürroonium+budesoniid;
R03AL12;indakaterool+glükopürroonium+mometasoon;
R03B;TEISED INHALEERITAVAD HINGAMISTEEDE OBSTRUKTIIVSETE HAIGUSTE RAVIKS KASUTATAVAD AINED;
R03BA;Glükokortikoidid;
R03BA01;beklometasoon;
R03BA02;budesoniid;
R03BA03;flunisoliid;
R03BA04;beetametasoon;
R03BA05;flutikasoon;
R03BA06;triamtsinoloon;
R03BA07;mometasoon;
R03BA08;tsiklesoniid;
R03BB;Antikolinergilised ained;
R03BB01;ipratroopiumbromiid;
R03BB02;oksütroopiumbromiid;
R03BB04;tiotroopium;
R03BB05;aklidiinium;
R03BB06;glükopürroonium;
R03BB07;umeklidiinium;
R03BC;Antiallergilised ained, v.a kortikosteroidid;
R03BC01;kromoglütsiinhape;
R03BC03;nedokromiil;
R03BX;Teised hingamisteede obstruktiivsete haiguste raviks kasutatavad inhaleeritavad ained;
R03BX01;fenspiriid;
R03C;ADRENERGILISED AINED SÜSTEEMSEKS KASUTAMISEKS;
R03CA;Alfa- ja beetaadrenomimeetikumid;
R03CB;Mitteselektiivsed beetaadrenomimeetikumid;
R03CB01;isoprenaliin;
R03CB02;metoksüfenamiin;
R03CB03;ortsiprenaliin;
R03CC;Selektiivsed beeta-2-adrenomimeetikumid;
R03CC02;salbutamool;
R03CC03;terbutaliin;
R03CC04;fenoterool;
R03CC05;heksoprenaliin;
R03CC06;isoetariin;
R03CC07;pirbuterool;
R03CC08;prokaterool;
R03CC09;tretokvinool;
R03CC10;karbuterool;
R03CC11;tulobuterool;
R03CC12;bambuterool;
R03CC13;klenbuterool;
R03CC14;reproterool;
R03CC80;terbutaliin+guaifenesiin;
R03CK;Adrenergilised ja teised hingamisteede obstruktiivsete haiguste raviks kasutatavad ained;
R03D;TEISED SÜSTEEMSED HINGAMISTEEDE OBSTRUKTIIVSETE HAIGUSTE RAVIKS KASUTATAVAD AINED;
R03DA;Ksantiinid;
R03DA01;diprofülliin;
R03DA02;koliinteofüllinaat;
R03DA03;proksüfülliin;
R03DA04;teofülliin;
R03DA05;aminofülliin;
R03DA06;etamifülliin;
R03DA07;teobromiin;
R03DA08;bamifülliin;
R03DA09;atsefülliinpiperasiin;
R03DA11;doksofülliin;
R03DA74;teofülliini kombinatsioonid psühholeptikumidega;
R03DA80;teofülliin+fenobarbitaal+efedriin+paratsetamool+kofeiin+belladonnaekstrakt+tsütisinikliin;
R03DB;Ksantiinid ja adrenergilised ained;
R03DC;Leukotrieeniretseptorite antagonistid;
R03DC01;zafirlukast;
R03DC02;pranlukast;
R03DC03;montelukast;
R03DC04;ibudilast;
R03DX;Teised süsteemse toimega hingamisteede obstruktiivsete haiguste raviks kasutatavad ained;
R03DX01;amleksanoks;
R03DX02;eprosinool;
R03DX03;fenspiriid;
R03DX05;omalizumab;
R03DX07;roflumilast;
R03DX08;reslizumab;
R03DX09;mepolizumab;
R03DX10;benralizumab;
R03DX11;tesepelumab;
R05;KÖHA JA KÜLMETUSE KORRAL KASUTATAVAD PREPARAADID;
R05C;EKSPEKTORANDID, V.A KOMBINATSIOONID KÖHA PÄRSSIVATE AINETEGA;
R05CA;Ekspektorandid;
R05CA01;tüloksapool;
R05CA02;kaaliumjodiid;
R05CA03;guaifenesiin;
R05CA04;ipekakuanja tsefaeel;
R05CA12;luuderohuleht;
R05CA83;ammoniaak+lagritsa-magusjuure ekstrakt+aniisiõli;
R05CA85;lavendliõli;
R05CA86;islandi käokõrv;
R05CA87;eukalüpti, magusa apelsini, mürdi ja sidruni rektifitseeritud eeterlike õlide destillaat;
R05CA88;aed-liivateeürt+nõmm-liivatee+teeleht;
R05CA89;aed-liivateeürt+luuderohuleht;
R05CA90;aed-liivateeürt+nurmenukujuur;
R05CA91;aed-liivateeürt+alteejuur;
R05CA92;aed-liivateeürt;
R05CA93;teeleht;
R05CB;Mukolüütilised ained;
R05CB01;atsetüültsüsteiin;
R05CB02;broomheksiin;
R05CB03;karbotsüsteiin;
R05CB04;eprasinoon;
R05CB05;mesna;
R05CB06;ambroksool;
R05CB08;domiodool;
R05CB09;letosteiin;
R05CB11;steproniin;
R05CB13;alfadornaas;
R05CB14;nelteneksiin;
R05CB15;erdosteiin;
R05CB16;mannitool;
R05D;KÖHA PÄRSSIVATE AINETE KOMBINATSIOONID, V.A EKSPEKTORANTIDEGA;
R05DA;Oopiumi alkaloidid ja nende derivaadid;
R05DA01;etüülmorfiin;
R05DA03;hüdrokodoon;
R05DA04;kodeiin;
R05DA06;normetadoon;
R05DA07;noskapiin;
R05DA08;folkodiin;
R05DA09;dekstrometorfaan;
R05DA10;tebakoon;
R05DA11;dimemorfaan;
R05DA80;kodeiin+fenüültoloksamiin;
R05DA83;kodeiin+fenüülefriin+fenüülpropanoolamiin+guaifenesiin+broomfeniramiin;
R05DA88;glautsiin+efedriin;
R05DA89;dekstrometorfaan+fenüülefriin+feniramiin;
R05DA90;tebaiin;
R05DB;Teised köha pärssivad ained;
R05DB01;bensonataat;
R05DB02;benproperiin;
R05DB03;klobutinool;
R05DB04;isoaminiil;
R05DB05;pentoksüveriin;
R05DB07;oksolamiin;
R05DB09;okseladiin;
R05DB10;klofedanool;
R05DB11;pipasetaat;
R05DB12;bibensooniumbromiid;
R05DB13;butamiraat;
R05DB14;fedrilaat;
R05DB15;zipeprool;
R05DB17;droksüpropiin;
R05DB18;prenoksdiasiin;
R05DB19;dropropisiin;
R05DB21;kloperastiin;
R05DB22;meprotiksool;
R05DB24;tipepidiin;
R05DB25;morklofoon;
R05DB26;nepinaloon;
R05DB27;levodropropisiin;
R05DB29;gefapiksant;
R05DB80;alteejuur+pärnaõis+teeleht;
R05F;KÖHA PÄRSSIVATE AINETE JA EKSPEKTORANTIDE KOMBINATSIOONID;
R05FA;Oopiumi derivaadid ja ekspektorandid;
R05FA80;kodeiin+guaifenesiin;
R05FB;Teised köha pärssivad ained ja ekspektorandid;
R05X;TEISED PREPARAADID KÜLMETUSE LEEVENDAMISEKS;
R05XA;Teised kombineeritud preparaadid külmetuse leevendamiseks;
R05XA80;emajuurejuur+nurmenukuõis+hapu oblikas+leedriõis+raudürdiürt;
R05XA81;kamper+levomentool+tärpentiniõli+eukalüptiõli;
R05XA82;ibuprofeen+pseudoefedriin;
R05XA83;pelargoonijuur;
R06;ANTIHISTAMIINSED AINED SÜSTEEMSEKS KASUTAMISEKS;
R06A;ANTIHISTAMIINSED AINED SÜSTEEMSEKS KASUTAMISEKS;
R06AA;Aminoalküüleetrid;
R06AA01;bromasiin;
R06AA02;difenhüdramiin;
R06AA04;klemastiin;
R06AA07;difenüülpüraliin;
R06AA08;karbinoksamiin;
R06AA09;doksülamiin;
R06AA11;dimenhüdrinaat;
R06AA80;difenhüdramiin+dekstrometorfaan;
R06AA81;doksülamiin+püridoksiin;
R06AB;Alküülamiinide derivaadid;
R06AB01;broomfeniramiin;
R06AB02;dekskloorfeniramiin;
R06AB03;dimetindeen;
R06AB04;kloorfenamiin;
R06AB05;feniramiin;
R06AB06;deksbroomfeniramiin;
R06AB83;broomfeniramiin+fenüülpropanoolamiin;
R06AC;Etüleendiamiinide derivaadid;
R06AC01;mepüramiin;
R06AC02;histapürrodiin;
R06AC03;kloropüramiin;
R06AC04;tripelennamiin;
R06AC05;metapürileen;
R06AD;Fenotiasiini derivaadid;
R06AD01;alimemasiin;
R06AD02;prometasiin;
R06AD03;tietüülperasiin;
R06AD04;metdilasiin;
R06AD06;tiasinamiummetüülsulfaat;
R06AD07;mekvitasiin;
R06AD08;oksomemasiin;
R06AD09;isotipendüül;
R06AD80;prometasiin+guaifenesiin+oksejuure vedelekstrakt;
R06AE;Piperasiini derivaadid;
R06AE01;buklisiin;
R06AE03;tsüklisiin;
R06AE04;kloortsüklisiin;
R06AE05;meklosiin;
R06AE06;oksatomiid;
R06AE07;tsetirisiin;
R06AE09;levotsetirisiin;
R06AK;Antihistamiinsete ainete kombinatsioonid;
R06AX;Teised antihistamiinsed ained süsteemseks kasutamiseks;
R06AX01;bamipiin;
R06AX02;tsüproheptadiin;
R06AX03;tenalidiin;
R06AX04;fenindamiin;
R06AX05;antasoliin;
R06AX07;triprolidiin;
R06AX09;asatadiin;
R06AX11;astemisool;
R06AX12;terfenadiin;
R06AX13;loratadiin;
R06AX15;mebhüdroliin;
R06AX16;deptropiin;
R06AX17;ketotifeen;
R06AX18;akrivastiin;
R06AX19;aselastiin;
R06AX21;tritokvaliin;
R06AX22;ebastiin;
R06AX23;pimetikseen;
R06AX24;epinastiin;
R06AX25;misolastiin;
R06AX26;feksofenadiin;
R06AX27;desloratadiin;
R06AX28;rupatadiin;
R06AX29;bilastiin;
R06AX31;kvifenadiin;
R07;TEISED HINGAMISSÜSTEEMI TOIMIVAD AINED;
R07A;TEISED HINGAMISSÜSTEEMI TOIMIVAD AINED;
R07AA;Kopsu surfaktandid;
R07AA01;kolfostseriilpalmitaat;
R07AA80;veise kopsu fosfolipiidid;
R07AA81;sea kopsu fosfolipiidid;
R07AB;Hingamisteede stimulaatorid;
R07AB01;doksapraam;
R07AB02;niketamiid;
R07AB03;pentetrasool;
R07AB04;etamivaan;
R07AB05;bemegriid;
R07AB07;almitriin;
R07AB08;dimefliin;
R07AB09;mepiksanoks;
R07AX;Teised hingamissüsteemi toimivad ained;
R07AX01;lämmastikoksiid;
R07AX02;ivakaftoor;
R07AX30;ivakaftoor+lumakaftoor;
R07AX31;ivakaftoor+tesakaftoor;
R07AX32;ivakaftoor+tesakaftoor+eleksakaftoor;
S;MEELEELUNDID;
S01;OFTALMOLOOGIAS KASUTATAVAD AINED;
S01A;INFEKTSIOONIVASTASED AINED;
S01AA;Antibiootikumid;
S01AA01;klooramfenikool;
S01AA02;kloortetratsükliin;
S01AA03;neomütsiin;
S01AA04;oksütetratsükliin;
S01AA05;türotritsiin;
S01AA07;framütsetiin;
S01AA09;tetratsükliin;
S01AA10;natamütsiin;
S01AA11;gentamütsiin;
S01AA12;tobramütsiin;
S01AA13;fusidiinhape;
S01AA14;bensüülpenitsilliin;
S01AA15;dihüdrostreptomütsiin;
S01AA16;rifamütsiin;
S01AA17;erütromütsiin;
S01AA18;polümüksiin B;
S01AA19;ampitsilliin;
S01AA21;amikatsiin;
S01AA22;mikronomütsiin;
S01AA23;netilmitsiin;
S01AA24;kanamütsiin;
S01AA25;asiidamfenikool;
S01AA27;tsefuroksiim;
S01AA80;polümüksiin B+klooramfenikool;
S01AA81;polümüksiin B+neomütsiin+gramitsidiin;
S01AB;Sulfoonamiidid;
S01AB01;sulfametisool;
S01AB02;sulfafurasool;
S01AB03;sulfadikramiid;
S01AB04;sulfatsetamiid;
S01AB05;sulfafenasool;
S01AD;Viirusvastased ained;
S01AD01;idoksuridiin;
S01AD02;trifluridiin;
S01AD03;atsikloviir;
S01AD06;vidarabiin;
S01AD07;famtsikloviir;
S01AE;Fluorokinoloonid;
S01AE01;ofloksatsiin;
S01AE02;norfloksatsiin;
S01AE03;tsiprofloksatsiin;
S01AE04;lomefloksatsiin;
S01AE05;levofloksatsiin;
S01AE07;moksifloksatsiin;
S01AX;Teised infektsioonivastased preparaadid;
S01AX04;nitrofuraal;
S01AX05;bibrokatool;
S01AX06;resortsinool;
S01AX08;heksamidiin;
S01AX09;kloorheksidiin;
S01AX10;naatriumpropionaat;
S01AX14;dibrompropamidiin;
S01AX15;propamidiin;
S01AX16;pikloksüdiin;
S01AX18;joodpovidoon;
S01B;PÕLETIKUVASTASED AINED;
S01BA;Kortikosteroidid;
S01BA01;deksametasoon;
S01BA02;hüdrokortisoon;
S01BA03;kortisoon;
S01BA04;prednisoloon;
S01BA05;triamtsinoloon;
S01BA06;beetametasoon;
S01BA07;fluorometoloon;
S01BA08;medrüsoon;
S01BA09;klobetasoon;
S01BA10;alklometasoon;
S01BA11;desoniid;
S01BA12;formokortaal;
S01BA13;rimeksoolon;
S01BA14;loteprednool;
S01BA15;fluotsinoloonatsetoniid;
S01BA80;masipredoon;
S01BB;Kortikosteroidide ja müdriaatikumide kombinatsioonid;
S01BC;Mittesteroidsed põletikuvastased ained;
S01BC01;indometatsiin;
S01BC02;oksüfenbutasoon;
S01BC03;diklofenak;
S01BC04;flurbiprofeen;
S01BC05;ketorolak;
S01BC06;piroksikaam;
S01BC07;bendasak;
S01BC08;salitsüülhape;
S01BC10;nepafenak;
S01BC11;bromofenak;
S01C;PÕLETIKU- JA INFEKTSIOONIVASTASTE AINETE KOMBINATSIOONID;
S01CA;Kortikosteroidide ja infektsioonivastaste ainete kombinatsioonid;
S01CA01;deksametasoon+infektsioonivastane aine;
S01CA80;deksametasoon+neomütsiin+polümüksiin B;
S01CA81;deksametasoon+tobramütsiin;
S01CA82;deksametasoon+klooramfenikool;
S01CA83;prednisoloon+neomütsiin;
S01CA84;deksametasoon+levofloksatsiin;
S01CB;Kortikosteroidide, infektsioonivastaste ainete ja müdriaatikumide kombinatsioonid;
S01CC;Mittesteroidsete põletiku- ja infektsioonivastaste ainete kombinatsioonid;
S01E;GLAUKOOMIVASTASED PREPARAADID JA MIOOTIKUMID;
S01EA;Sümpatomimeetikumid glaukoomi raviks;
S01EA02;dipivefriin;
S01EA03;apraklonidiin;
S01EA04;klonidiin;
S01EA05;brimonidiin;
S01EB;Parasümpatomimeetikumid;
S01EB01;pilokarpiin;
S01EB02;karbakool;
S01EB03;ekotiopaatjodiid;
S01EB04;demekaariumbromiid;
S01EB05;füsostigmiin;
S01EB06;neostigmiin;
S01EB08;atseklidiin;
S01EB09;atsetüülkoliinkloriid;
S01EB80;pilokarpiin+timolool;
S01EC;Karboanhüdraasi inhibiitorid;
S01EC01;atsetasoolamiid;
S01EC02;diklofenamiid;
S01EC03;dorsolamiid;
S01EC04;brinsolamiid;
S01EC54;brinsolamiidi kombinatsioonid;
S01EC80;brinsolamiid+brimonidiin;
S01ED;Beetablokaatorid;
S01ED01;timolool;
S01ED02;betaksolool;
S01ED03;levobunolool;
S01ED05;karteolool;
S01ED51;timolooli kombinatsioonid;
S01ED80;timolool+dorsolamiid;
S01ED81;timolool+travoprost;
S01ED82;timolool+bimatoprost;
S01ED83;timolool+brinsolamiid;
S01ED84;timolool+latanoprost;
S01ED85;timolool+tafluprost;
S01ED86;timolool+brimonidiin;
S01EE;Prostaglandiini analoogid;
S01EE01;latanoprost;
S01EE03;bimatoprost;
S01EE04;travoprost;
S01EE05;tafluprost;
S01EE51;latanoprost+netarsudiil;
S01EX;Teised glaukoomivastased preparaadid;
S01EX01;guanetidiin;
S01EX05;netarsudiil;
S01F;MÜDRIAATIKUMID JA TSÜKLOPLEEGILISED AINED;
S01FA;Antikolinergilised ained;
S01FA01;atropiin;
S01FA02;skopolamiin;
S01FA04;tsüklopentolaat;
S01FA05;homatropiinmetüülbromiid;
S01FA06;tropikamiid;
S01FA80;tropikamiid+fenüülefriin+lidokaiin;
S01FB;Sümpatomimeetikumid, v.a glaukoomivastased preparaadid;
S01FB01;fenüülefriin;
S01FB03;ibopamiin;
S01FB51;fenüülefriin+ketorolak;
S01G;TURSE- JA ALLERGIAVASTASED AINED;
S01GA;Tursevastased sümpatomimeetikumid;
S01GA01;nafasoliin;
S01GA02;tetrüsoliin;
S01GA03;ksülometasoliin;
S01GA04;oksümetasoliin;
S01GA05;fenüülefriin;
S01GA80;nafasoliin+difenhüdramiin;
S01GX;Teised allergiavastased ained;
S01GX01;kromoglütsiinhape;
S01GX02;levokabastiin;
S01GX03;spagluumhape;
S01GX04;nedokromiil;
S01GX05;lodoksamiid;
S01GX06;emedastiin;
S01GX07;aselastiin;
S01GX09;olopatadiin;
S01GX13;bilastiin;
S01H;LOKAALANESTEETIKUMID;
S01HA;Lokaalanesteetikumid;
S01HA01;kokaiin;
S01HA02;oksübuprokaiin;
S01HA03;tetrakaiin;
S01HA04;proksümetakaiin;
S01HA05;prokaiin;
S01HA06;tsinhokaiin;
S01HA07;lidokaiin;
S01J;DIAGNOSTILISED AINED;
S01JA;Värvained;
S01JA01;fluorestseiin;
S01JA81;fluorestseiin+oksübuprokaiin+klorobutanool;
S01JX;Teised oftalmoloogias kasutatavad diagnostilised ained;
S01K;KIRURGILISED PREPARAADID;
S01KA;Viskoelastased ained;
S01KA01;hüaluroonhape;
S01KA02;hüpromelloos;
S01KX;Teised kirurgias kasutatavad ained;
S01KX01;kümotrüpsiin;
S01KX02;trüpaansinine;
S01L;SILMA VASKULAARSETE HÄIRETE KORRAL KASUTATAVAD AINED;
S01LA;Neovaskularisatsioonivastased ained;
S01LA01;verteporfiin;
S01LA03;pegaptaniib;
S01LA04;ranibizumab;
S01LA05;aflibertsept;
S01LA06;brolutsizumab;
S01LA09;faritsimab;
S01X;TEISED OFTALMOLOOGIAS KASUTATAVAD AINED;
S01XA;Teised oftalmoloogias kasutatavad ained;
S01XA02;retinool;
S01XA03;naatriumkloriid;
S01XA04;kaaliumjodiid;
S01XA05;naatriumedetaat;
S01XA06;etüülmorfiin;
S01XA08;atsetüültsüsteiin;
S01XA10;inosiin;
S01XA11;nandroloon;
S01XA12;dekspantenool;
S01XA13;alteplaas;
S01XA14;naatriumhepariin;
S01XA18;tsüklosporiin;
S01XA19;autoloogsed limbaalsed tüvirakud;
S01XA20;kunstlikud pisarad ja teised toimet mitteomavad ained;
S01XA21;merkaptamiin;
S01XA22;okriplasmiin;
S01XA24;tsenegermiin;
S01XA25;lifitegrast;
S01XA27;voretigeenneparvovek;
S01XA80;retinool+dekspantenool;
S01XA81;karbomeer;
S01XA82;hüpromelloos;
S01XA83;tauriin;
S01XA85;hüpromelloos+dekstraan;
S01XA86;tsütokroom C+adenosiin+nikotiinamiid;
S01XA87;vasika vere hemoderivaat, deproteiniseeritud;
S02;OTOLOOGIAS KASUTATAVAD AINED;
S02A;INFEKTSIOONIVASTASED AINED;
S02AA;Infektsioonivastased ained;
S02AA01;klooramfenikool;
S02AA02;nitrofuraal;
S02AA03;boorhape;
S02AA04;alumiiniumatsetotartraat;
S02AA05;kliokvinool;
S02AA06;vesinikperoksiidilahus;
S02AA07;neomütsiin;
S02AA08;tetratsükliin;
S02AA09;kloorheksidiin;
S02AA11;polümüksiin B;
S02AA12;rifamütsiin;
S02AA13;mikonasool;
S02AA80;naatriumatsediasulfoon+tsinhokaiin+oksümetuurea;
S02B;KORTIKOSTEROIDID;
S02BA;Kortikosteroidid;
S02BA01;hüdrokortisoon;
S02BA03;prednisoloon;
S02BA06;deksametasoon;
S02BA07;beetametasoon;
S02C;KORTIKOSTEROIDIDE JA INFEKTSIOONIVASTASTE AINETE KOMBINATSIOONID;
S02CA;Kortikosteroidide ja infektsioonivastaste ainete kombinatsioonid;
S02CA03;hüdrokortisoon+infektsioonivastane aine;
S02CA80;prednisoloon+klooramfenikool;
S02CA81;deksametasoon+neomütsiin+jää-äädikhape;
S02CA82;hüdrokortisoon+tsiprofloksatsiin;
S02CA83;hüdrokortisoon+gentamütsiin;
S02CA84;hüdrokortisoon+polümüksiin B+neomütsiin;
S02CA85;hüdrokortisoon+polümüksiin B+neomütsiin+lidokaiin;
S02CA86;fluotsinoloonatsetoniid+tsiprofloksatsiin;
S02D;TEISED OTOLOOGIAS KASUTATAVAD AINED;
S02DA;Analgeetikumid ja anesteetikumid;
S02DA01;lidokaiin;
S02DA02;kokaiin;
S02DA80;prokaiin+fenasoon;
S02DA81;fenasoon+lidokaiin;
S02DC;Indiferentsed preparaadid;
S03;OFTALMOLOOGILISED JA OTOLOOGILISED  PREPARAADID;
S03A;INFEKTSIOONIVASTASED AINED;
S03AA;Infektsioonivastased ained;
S03AA01;neomütsiin;
S03AA02;tetratsükliin;
S03AA03;polümüksiin B;
S03AA04;kloorheksidiin;
S03AA05;heksamidiin;
S03AA06;gentamütsiin;
S03B;KORTIKOSTEROIDID;
S03BA;Kortikosteroidid;
S03BA01;deksametasoon;
S03BA02;prednisoloon;
S03BA03;beetametasoon;
S03C;KORTIKOSTEROIDIDE JA INFEKTSIOONIVASTASTE AINETE KOMBINATSIOONID;
S03CA;Kortikosteroidide ja infektsioonivastaste ainete kombinatsioonid;
S03CA80;deksametasoon+neomütsiin;
S03CA81;deksametasoon+gramitsidiin+framütsetiin;
S03D;TEISED OFTALMOLOOGILISED JA OTOLOOGILISED PREPARAADID;
V;VARIA;
V01;ALLERGEENID;
V01A;ALLERGEENID;
V01AA;Allergeenide ekstraktid;
V01AA01;allergeenid, sulg;
V01AA02;heintaimede õietolm;
V01AA03;kodutolmu lestad;
V01AA05;puude õietolm;
V01AA07;allergeenid, putukad;
V01AA10;õistaimede õietolm;
V01AA11;allergeenid, loomad;
V01AA20;allergeenid;
V01AA80;puude ja heintaimede õietolm;
V01AA83;heintaimede õietolm+õistaimede õietolm;
V01AA84;puude ja õistaimede õietolm;
V01AA86;maapähklivalk;
V03;KÕIK TEISED RAVIAINED;
V03A;KÕIK TEISED RAVIAINED;
V03AB;Antidoodid;
V03AB01;ipekakuanja tsefaeel;
V03AB02;nalorfiin;
V03AB03;edetaadid;
V03AB04;pralidoksiim;
V03AB06;naatriumtiosulfaat;
V03AB08;naatriumnitrit;
V03AB09;dimerkaprool;
V03AB13;obidoksiimkloriid;
V03AB14;protamiinsulfaat;
V03AB15;naloksoon;
V03AB16;etanool;
V03AB17;metüültioniinkloriid;
V03AB19;füsostigmiin;
V03AB20;vasksulfaat;
V03AB21;kaaliumjodiid;
V03AB22;amüülnitrit;
V03AB23;atsetüültsüsteiin;
V03AB24;sõrmkübara antitoksiin;
V03AB25;flumaseniil;
V03AB26;metioniin;
V03AB31;berliini sinine;
V03AB32;glutatioon;
V03AB33;hüdroksükobalamiin;
V03AB34;fomepisool;
V03AB35;sugammadeks;
V03AB37;idarutsizumab;
V03AB38;alfaandeksaneet;
V03AB80;naatriumkaltsiumedetaat;
V03AB81;obidoksiimkloriid+atropiin;
V03AC;Raudkelaate moodustavad ained;
V03AC01;deferoksamiin;
V03AC02;deferiproon;
V03AC03;deferasiroks;
V03AE;Ained hüperkaleemia ja hüperfosfateemia raviks;
V03AE01;polüstüreensulfonaat;
V03AE02;sevelameer;
V03AE03;lantaan;
V03AE04;kaltsiumatsetaat+magneesiumkarbonaat, raske;
V03AE05;sahharo-raud(III)oksühüdroksiid;
V03AE06;kolestilaan;
V03AE07;kaltsiumatsetaat;
V03AE09;kaltsiumpatiromeer;
V03AE10;naatriumtsirkooniumtsüklosilikaat;
V03AE80;raud(III)tsitraadi koordinatiivne ühend;
V03AF;Kasvajavastase ravi toksilise toime vastased ained;
V03AF01;mesna;
V03AF02;deksrasoksaan;
V03AF03;kaltsiumfolinaat;
V03AF04;kaltsiumlevofolinaat;
V03AF05;amifostiin;
V03AF06;dinaatriumfolinaat;
V03AF07;rasburikaas;
V03AF08;palifermiin;
V03AF09;glukarpidaas;
V03AF10;naatriumlevofolinaat;
V03AF11;arginiin+lüsiin;
V03AF80;kaltsiummefolinaat;
V03AG;Ained hüperkaltseemia raviks;
V03AH;Ained hüpoglükeemia raviks;
V03AH01;diasoksiid;
V03AK;Koeliimid;
V03AM;Emboliseerivad ained;
V03AN;Meditsiinigaasid;
V03AN01;hapnik;
V03AN02;süsinikdioksiid;
V03AN04;lämmastik;
V03AN05;meditsiiniline õhk;
V03AZ;Neurodepressandid;
V03AZ01;etanool;
V03AX;Teised terapeutilised preparaadid;
V03AX01;johimbiinhape;
V03AX03;kobitsistaat;
V03AX04;difelikefaliin;
V03AX81;taimsed preparaadid;
V03AX82;homöopaatilised preparaadid;
V04;DIAGNOSTILISED AINED;
V04B;URIINITESTID;
V04C;TEISED DIAGNOSTILISED AINED;
V04CA;Suhkurtõve diagnoosimise ained;
V04CA01;tolbutamiid;
V04CA02;glükoos;
V04CB;Rasva imendumise määramise ained;
V04CC;Sapiteede läbitavuse määramise ained;
V04CC01;sorbitool;
V04CC02;magneesiumsulfaat;
V04CC03;sinkaliid;
V04CC04;tseruletiid;
V04CD;Hüpofüüsi funktsiooni hindamise ained;
V04CD01;metürapoon;
V04CD03;sermoreliin;
V04CD04;kortikoreliin;
V04CD05;somatoreliin;
V04CD06;matsimoreliin;
V04CE;Maksafunktsiooni hindamise ained;
V04CE01;galaktoos;
V04CE80;galaktoos+palmitiinhape;
V04CF;Tuberkuloosi diagnoosimise ained;
V04CF01;tuberkuliin;
V04CG;Maosekretsiooni määramise ained;
V04CG02;betasool;
V04CG03;histamiinfosfaat;
V04CG04;pentagastriin;
V04CG05;metüültioniinkloriid;
V04CG30;kofeiinnaatriumbensoaat;
V04CH;Neerufunktisooni ning kusejuha kahjustuse hindamise ained;
V04CH04;alsaktiid;
V04CH30;aminohipuurhape;
V04CJ;Kilpnäärmefunktsiooni hindamise ained;
V04CJ01;alfatüreotropiin;
V04CJ02;protireliin;
V04CK;Pankreasefunktsiooni määramise ained;
V04CK03;bentiromiid;
V04CL;Allergiliste haiguste diagnoosimise ained;
V04CL80;allergiliste haiguste testid;
V04CL81;histamiindivesinikkloriid;
V04CL83;bensüülpenitsilloüülpolülüsiin;
V04CM;Viljastumishäirete diagnoosimise ained;
V04CM01;gonadoreliin;
V04CN;Rasedustestid;
V04CN80;rasedustest;
V04CX;Teised diagnostilised ained;
V04CX01;indotsüaniinroheline;
V04CX03;metakoliin;
V04CX04;mannitool;
V04CX05;13C-uurea;
V04CX06;heksaminolevulinaat;
V04CX07;edrofoonium;
V04CX09;patentsinine;
V04CX80;metüültioniinkloriid;
V04CX86;uurea 14C;
V04CX87;süsinikmonoksiid+heelium;
V04CX89;süsinikmonoksiid+atsetüleen+metaan+hapnik+lämmastik;
V06;ÜLDTOITAINED;
V06A;DIEETPREPARAADID RASVUMUSE RAVIKS;
V06AA;Väikese kalorsusega dieetpreparaadid;
V06B;VALGULISED LISANDID;
V06C;LASTE ERITOIDUD;
V06CA;Toitained ilma fenüülalaniinita;
V06CA80;toitained ilma fenüülalaniinita;
V06D;TEISED TOITAINED;
V06DA;Süsivesikute, valkude, mineraalainete ja vitamiinide kombinatsioonid;
V06DA80;süsivesikud+rasvhapped+vitamiinid+mineraalained;
V06DB;Rasvade, süsivesikute, valkude, mineraalainete ja vitamiinide kombinatsioonid;
V06DC;Süsivesikud;
V06DC01;glükoos;
V06DC02;fruktoos;
V06DD;Aminohapped, k.a nende kombinatsioonid polüpeptiididega;
V06DE;Aminohapete, süsivesikute, mineraalainete ja vitamiinide kombinatsioonid;
V06DE80;aminohapped+süsivesikud+rasvhapped+vitamiinid+mineraalained;
V06DF;Piimaasendajad;
V06DX;Teised toitainete kombinatsioonid;
V07;KÕIK TEISED MITTETERAPEUTILISED VAHENDID;
V07A;KÕIK TEISED MITTETERAPEUTILISED VAHENDID;
V07AA;Plaastrid;
V07AB;Lahustid ja lahjendusvedelikud, k.a loputuslahused;
V07AB80;naatriumkloriid;
V07AB81;süsivesikud;
V07AB82;glütserool+fenool;
V07AB83;süstevesi;
V07AC;Vereülekande abivahendid;
V07AD;Veretesti abivahend;
V07AN;Inkontinentsi abivahendid;
V07AR;Tundlikkustestid, diskid ja tabletid;
V07AS;Stoomihooldusvahendid;
V07AZ;Kemikaalid ja reaktiivid analüüside läbiviimiseks;
V07AT;Kosmeetikumid;
V07AV;Desinfektsioonivahendid;
V07AV00;tehniline desinfektant;
V07AX;Pesuvahendid jms;
V07AY;Teised mitteterapeutilised abivahendid;
V07AY80;doonororgani säilituslahus;
V07AY81;dimetikoon;
V08;KONTRASTAINED;
V08A;MÄRGISTATUD JOODI SISALDAVAD RÖNTGENKONTRASTAINED;
V08AA;Vesilahustuvad nefrotroopsed kõrgosmolaarsed röntgenkontrastained;
V08AA01;naatriumamidotrisoaat+meglumiinamidotrisoaat;
V08AA03;jodamiid;
V08AA04;jotalaamhape;
V08AA05;joksitalaamhape;
V08AA06;joglitsiinhape;
V08AA09;naatriummetiodaal;
V08AA10;diodoon;
V08AA80;naatriumamidotrisoaat+meglumiin;
V08AB;Vesilahustuvad nefrotroopsed madalosmolaarsed röntgenkontrastained;
V08AB01;metrisamiid;
V08AB02;joheksool;
V08AB03;joksagliinhape;
V08AB04;jopamidool;
V08AB05;jopromiid;
V08AB06;jotrolaan;
V08AB07;joversool;
V08AB08;jopentool;
V08AB09;jodiksanool;
V08AB10;jomeprool;
V08AB11;jobitridool;
V08AB80;amfoneelhape;
V08AC;Vesilahustuvad hepatotroopsed röntgenkontrastained;
V08AC01;jodoksaamhape;
V08AC02;jotrokshape;
V08AC03;joglükaamhape;
V08AC04;adipiodoon;
V08AC05;jobensaamhape;
V08AC06;jopanoiinhape;
V08AC07;jotsetaamhape;
V08AC08;naatriumjopodaat;
V08AD;Vees mittelahustuvad röntgenkontrastained;
V08AD01;joodrasvhapete etüülestrid;
V08AD02;jopüdool;
V08AD03;propüüljodoon;
V08AD04;jofendülaat;
V08B;MÄRGISTATUD JOODI MITTESISALDAVAD RÖNTGENKONTRASTAINED;
V08BA;Baariumsulfaati sisaldavad röntgenkontrastained;
V08BA01;baariumsulfaat;
V08C;MAGNETRESONANTSUURINGUTEL KASUTATAVAD KONTRASTAINED;
V08CA;Paramagnetilised kontrastained;
V08CA01;gadopenteethape;
V08CA02;gadoteerhape;
V08CA03;gadodiamiid;
V08CA04;gadoteridool;
V08CA05;mangafodipiir;
V08CA06;gadoversetamiid;
V08CA09;gadobutrool;
V08CA10;gadokseethape;
V08CA11;gadofosveset;
V08CB;Superparamagnetilised kontrastained;
V08CB03;ferukarbotraan;
V08CX;Teised magnetresonantsuuringutel kasutatavad kontrastained;
V08CX01;perflubroon;
V08D;ULTRAHELIUURINGUTEL KASUTATAVAD KONTRASTAINED;
V08DA;Ultraheliuuringutel kasutatavad kontrastained;
V08DA01;perflutreen, inimalbumiini mikrosfäärid;
V08DA03;perflenapent;
V08DA04;perflutreen, fosfolipiidide mikrosfäärid;
V08DA05;väävelheksafluoriid, fosfolipiidide mikrosfäärid;
V09;DIAGNOSTILISED RADIOFARMATSEUTIKUMID;
V09A;KESKNÄRVISÜSTEEM;
V09AA;Tehneetsiumi (Tc-99m) ühendid;
V09AA01;tehneetsium(99mTc)eksametasiim;
V09AA02;tehneetsium(99mTc)bitsisaat;
V09AB;Joodi (I-123) ühendid;
V09AB01;jood(123I)jofetamiin;
V09AB02;joodjolopriid (123I);
V09AB03;joflupaan (123I);
V09AB81;edidepriid (123I);
V09AB82;dimetüülaminometüülfenüültiojodofenüülamiin(123I);
V09AX;Teised diagnostilised radiofarmatseutikumid kesknärvisüsteemi uurimiseks;
V09AX04;flutemetamool (18F);
V09AX05;florbetapiir (18F);
V09AX06;florbetabeen (18F);
V09B;SKELETT;
V09BA;Tehneetsiumi (Tc-99m) ühendid;
V09BA01;tehneetsium(99m Tc)oksidronaat;
V09BA02;tehneetsium(99mTc)medronaat;
V09BA03;tehneetsium(99m Tc)pürofosfaat;
V09BA80;tehneetsium (99mTc)DPD;
V09C;NEERUD;
V09CA;Tehneetsiumi (Tc-99m) ühendid;
V09CA01;tehneetsium(99mTc)pentetaat;
V09CA02;tehneetsium(99m Tc)suktsimeer;
V09CA03;tehneetsium(99mTc)mertiatiid;
V09CX;Teised diagnostilised radiofarmatseutikumid neerude uurimiseks;
V09CX01;naatriumjodohipuraat(131I);
V09CX02;naatriumjodohipuraat(131I);
V09CX03;naatriumjoodtalamaat (125I);
V09D;MAKS JA RETIKULOENDOTELIAALSÜSTEEM;
V09DA;Tehneetsiumi (Tc-99m) ühendid;
V09DA02;tehneetsium(99mTc)etifeniin;
V09DA04;tehneetsium(99mTc)mebrofeniin;
V09DA80;tehneetsium(99mTc)MBrIDA;
V09DB;Tehneetsiumi (Tc-99m), osakesed ja kolloidid;
V09DB04;tehneetsium(99mTc)kolloidtina;
V09DB06;tehneetsium(99m Tc)kolloidreeniumsulfiid;
V09DB07;tehneetsium(99mTc)fütaat;
V09DB81;tehneetsium(99mTc)nanokolloidalbumiin;
V09DX;Teised diagnostilised radiofarmatseutikumid maksa ja retikuloendoteliaalsüsteemi uurimiseks;
V09E;HINGAMISSÜSTEEM;
V09EA;Tehneetsium (Tc-99m), inhaleeritav;
V09EA01;tehneetsium(99mTc)pentetaat;
V09EB;Tehneetsiumi (Tc-99m) süstitavad osakesed;
V09EB01;tehneetsium(99mTc)makrosalb;
V09EB02;tehneetsium(99mTc)mikrosfäärid;
V09EX;Teised diagnostilised radiofarmatseutikumid hingamissüsteemi uurimiseks;
V09EX03;ksenoon (133Xe);
V09F;KILPNÄÄRE;
V09FX;Mitmesugused diagnostilised radiofarmatseutikumid kilpnäärme uurimiseks;
V09FX01;tehneetsium(99m Tc)pertehnetaat;
V09FX02;naatriumjodiid (123I);
V09FX03;naatriumjodiid (131I);
V09G;KARDIOVASKULAARSÜSTEEM;
V09GA;Tehneetsiumi (Tc-99m) ühendid;
V09GA01;tehneetsium(99mTc)sestamibi;
V09GA02;tetrofosmiin;
V09GA03;tehneetsium(99mTc)teboroksiim;
V09GA04;tehneetsium(99mTc)humaanalbumiin;
V09GA05;tehneetsium(99mTc)furifosmiin;
V09GA06;naatriumpürofosfaat dekahüdraat+tinakloriiddihüdraat;
V09GA07;tehneetsium(99mTc)aptsitiid;
V09GB;Joodi (I-125) ühendid;
V09GB02;jodeeritud(125I)humaanseerumalbumiin;
V09GX;Teised diagnostilised radiofarmatseutikumid kardiovaskulaarsüsteemi uurimiseks;
V09GX01;talliumkloriid(Tl 201);
V09GX80;tinafluoriid+medroonhape;
V09H;PÕLETIKU JA INFEKTSIOONI KINDLAKSTEGEMINE;
V09HA;Tehneetsiumi (Tc-99m) ühendid;
V09HA01;tehneetsium(99mTc)humaan- immuunglobulin;
V09HA02;tehneetsium(99mTc)eksametasiim;
V09HA04;tehneetsium(99m Tc)sulesomab;
V09HA80;besilesomab;
V09HB;Indiumi (In-111) ühendid;
V09HX;Teised diagnostilised radiofarmatseutikumid põletiku ja infektsiooni kindlakstegemiseks;
V09HX01;gallium(67Ga)tsitraat;
V09HX80;indium(111In)kloriid;
V09I;KASVAJATE KINDLAKSTEGEMINE;
V09IA;Tehneetsiumi (Tc-99m) ühendid;
V09IA04;votumumab;
V09IA05;depreotiid;
V09IA06;artsitumomab;
V09IA07;tehneetsium(99mTc)HYNIC-oktreotiid;
V09IA09;tehneetsium(99mTc)tilmanotsept;
V09IA81;tehneetsium(99mTc)PSMA;
V09IB;Indiumi (In-111) ühendid;
V09IB01;Indium In-111 pentetreotiid;
V09IX;Teised diagnostilised radiofarmatseutikumid kasvajate kindlakstegemiseks;
V09IX01;jobenguaan (123 I);
V09IX02;jobenguaan (131I);
V09IX04;fludeoksüglükoos (18F);
V09IX06;naatriumfluoriid (18F);
V09IX07;fluorokoliin (18F);
V09IX12;flutsikloviin (18F);
V09IX14;gallium(68Ga)gosetotiid;
V09IX16;piflufolastaat (18F);
V09IX80;meta-jodobensüülguanidiin (123I);
V09IX81;luteetsium(177Lu)oksodotreotiid;
V09IX83;edotreotiid;
V09IX84;18F-PSMA;
V09IX85;18F-DCFPyL;
V09X;TEISED DIAGNOSTILISED RADIOFARMATSEUTIKUMID;
V09XA;Joodi (I-131) ühendid;
V09XA01;jood(131I)norkolesterool;
V09XX;Mitmesugused diagnostilised radiofarmatseutikumid;
V09XX01;tsüanokobalamiin (57CO);
V09XX80;vask(64Cu)kloriid;
V09XX81;germaanium(68Ge)kloriid+gallium(68Ga)kloriid;
V10;TERAPEUTILISED RADIOFARMATSEUTIKUMID;
V10A;PÕLETIKUVASTASED AINED;
V10AA;Ütriumi (Y-90) ühendid;
V10AA01;ütrium(90Y)tsitraat, kolloidne;
V10AA02;ütrium(90Y)raud(III)hüdroksiid, kolloidne;
V10AA03;ütrium(90Y)silikaat, kolloidne;
V10AA80;ütrium(90Y)kloriid;
V10AX;Teised põletikuvastased radiofarmatseutikumid;
V10AX04;erbium(ER169)tsitraat, kolloidne;
V10AX05;reeniumsulfiid(186Re)kolloid;
V10AX06;kuld (198Au), kolloidne;
V10B;VALU PALLIATIIVRAVI LUUMETASTAASIDE KORRAL;
V10BX;Mitmesugused radiofarmatseutikumid valu palliatiivraviks;
V10BX01;strontsium(89Sr)kloriid;
V10BX02;samaarium(153Sm)leksidronaam;
V10BX03;reenium Re-186 etidronaat;
V10X;TEISED TERAPEUTILISED RADIOFARMATSEUTIKUMID;
V10XA;Joodi (I-131) ühendid;
V10XA01;naatriumjodiid (131I);
V10XA02;jobenguaan (131I);
V10XA80;etjodeeritud õli (131I);
V10XX;Mitmesugused terapeutilised radiofarmatseutikumid;
V10XX01;naatriumfosfaat(32P);
V10XX02;ibritumomabtiuksetaan;
V10XX03;raadium(Ra223)dikloriid;
V10XX04;luteetsium(177Lu)oksodotreotiid;
V10XX05;luteetsium(177Lu)vipivotiidtetraksetaan;
V10XX80;ütrium(90Y) mikrosfäärid;
V10XX81;luteetsium(177Lu)oksodotreotiid;
V10XX82;luteetsium(177Lu)trikloriid;
V10XX83;peptiid DOTA-Tyr3-oktreotaat;
V10XX84;luteetsium(177Lu)kloriid;
V10XX85;luteetsium(177Lu)-PSMA-I&T;
V20;KIRURGILISED SIDUMISVAHENDID;
